code	fr	en	grp	kcal	prot	carbs	fat	sugars	fiber	salt	sat
1000	Pastis	Pastis (anise-flavoured spirit)	06	274.0	0.0	2.86	0.0	0.0	0.0	0.0	0.0
1001	Eau de vie	Clear fruit brandy or eau-de-vie	06	229.0	0.0	0.37	0.0	0.0	0.0	0.0025	0.0
1002	Gin	Gin	06	265.0	0.0	0.0	0.0	0.0	0.0	0.005	0.0
1003	Liqueur	Liqueur	06	328.0	0.1	39.6	0.3	35.3	0.0	0.018	0.083
1004	Rhum	Rum	06	256.0	0.0	0.0	0.0	0.0	0.0	0.0025	0.0
1005	Whisky	Whisky	06	252.0	0.0	0.096	0.0	0.096	0.0	0.0	0.0
1008	Vodka	Vodka	06	242.0	0.0	0.0	0.0	0.0	0.0	0.0025	0.0
1010	Pastis, prêt à boire (1+ 5)	Anis spirit, diluted (1+5)	06	27.6	0.0	6.89	0.0	0.0	0.0	0.0063	0.0
1014	Alcool pur	Pure alcohol	06	660.0	0.0	0.0	0.0	0.0	0.0	0.0	0.0
1015	Marsala	Marsala wine	06	211.0	0.1	27.9	0.0	27.9	0.0	0.01	0.0
1016	Marsala aux oeufs	Marsala w eggs	06	153.0	0.0	12.4	0.0	12.4	0.0	0.0	0.0
1021	Crème de cassis	Blackcurrant liqueur	06	245.0	0.0	41.0	0.0	40.9	0.0	0.0	0.0
1023	Eau de vie de vin, type armagnac, cognac	Spirit made from wine, armagnac or cognac type	06	228.0	0.0	1.0	0.0	0.0	0.0		
1026	Saké ou Alcool de riz	Sake or rice wine	06	133.0	0.0	5.0	0.0	0.0	0.0	0.005	0.0
1027	Spécialité végétale type fromage à tartiner, au soja, préemballée	Plant-based spread-cheese type, with soybean, prepacked	05	175.0	11.7	1.05	13.1	0	0.25	1.15	1.87
1028	Spécialité végétale type fromage, à la noix de cajou, préemballée	Plant-based cheese, with cashew, prepacked	05	441.0	14.5	15.2	35.3	0.28	2.6	0.88	5.78
1029	Spécialité végétale type fromage en tranche ou râpé, sans soja, préemballée	Plant-based cheese, without soybean, prepacked	05	272.0	0.25	21.2	20.1	0.25	2.3	1.88	17.4
1030	Spécialité végétale type jambon cuit, préemballée	Plant-based ham, prepacked	04	242.0	29.7	4.13	11.1	0.93	3.2	1.62	0.89
1031	Spécialité végétale type pâté, préemballée	Plant-based pâté, prepacked	04	197.0	3.56	9.45	15.4	1.49	2.96	1.27	4.13
2000	Jus d'ananas, à base de concentré	Pineapple juice, reconstituted from a concentrate	06	52.3	0.41	11.9	0.096	11.9	0.18	0.011	0.044
2004	Jus de fruits (aliment moyen)	Fruit juice (average)	06	47.0	0.52	9.58	0.14	9.24	0.29	0.012	0.041
2012	Jus d'orange, à base de concentré	Orange juice, reconstituted from a concentrate	06	45.6	0.63	9.59	0.13	9.59	0.25	0.0084	0.034
2014	Jus de pomme, à base de concentré	Apple juice, reconstituted from a concentrate	06	48.5	0.24	11.3	0.098	10.8	0.3	0.014	0.033
2015	Jus de pamplemousse (pomélo), à base de concentré	Grapefruit juice, reconstituted from a concentrate	06	40.9	0.52	8.41	0.1	8.41	0.21	0.01	0.055
2016	Jus de raisin, pur jus	Grape juice, pure juice	06	69.2	0.25	16.3	0.057	16.0	0.14	0.0089	0.031
2019	Jus de raisin, à base de concentré	Grape juice, reconstituted from a concentrate	06	68.8	0.31	16.0	0.11	16.0	0.15	0.0074	0.055
2026	Jus de tomate, pur jus, salé à 3 g/L	Tomato juice, pure juice, 3 g salt/L	06	23.2	0.88	4.13	0.17	4.13	0.23	0.3	0
2027	Jus de pamplemousse (pomelo), pur jus	Grapefruit juice, pure juice	06	42.5	0.49	8.89	0.083	8.89	0.15	0.008	0.044
2032	Jus de tomate, pur jus, salé à 6g/L	Tomato juice, pure juice, salted : 6g/L	06	20.1	0.88	3.31	0.11	3.3	0.56	0.6	0.07
2035	Jus multifruit, pur jus, standard	Mixed fruits juice, pure juice	06	48.9	0.25	11.2	0.15	10.1	0.25	0.0023	0.005
2053	Jus de tomate, pur jus (aliment moyen)	Tomato juice, pure juice (average)	06	21.7	0.88	3.72	0.14	3.72	0.4	0.45	0.035
2061	Nectar multifruit, standard	Mixed fruits nectar	06	49.7	0.3	11.5	0.089	11.0	0.3	0.009	0.013
2070	Jus d'orange, pur jus	Orange juice, pure juice	06	45.4	0.61	9.61	0.11	9.61	0.28	0.012	0.053
2072	Jus de fruits, pur jus (aliment moyen)	Fruit juice, pure juice (average)	06	46.9	0.51	9.32	0.14	8.94	0.27	0.012	0.044
2073	Jus d'ananas, pur jus	Pineapple juice, pure juice	06	52.9	0.41	12.1	0.074	12.1	0.22	0.013	0.031
2074	Jus de pomme, pur jus	Apple juice, pure juice	06	48.9	0.17	11.4	0.14	10.9	0.23	0.022	0.046
2075	Jus de légumes, pur jus (aliment moyen)	Vegetable juice (average)	06	21.7	0.72	4.66	0.13	4.46	0.37	0.33	0.036
2077	Jus de fruits, à base de concentré (aliment moyen)	Fruit juice, from concentrate (average)	06	47.1	0.54	10.5	0.13	10.3	0.35	0.012	0.031
3000	Lait 1er âge, poudre soluble (préparation pour nourrissons)	Baby milk, first age, powder	11	496.0	10.9	55.0	25.3	38.7	2.48	0.4	
3002	Lait 2e âge, poudre soluble (préparation de suite)	Baby milk, second age, powder	11	484.0	11.6	56.3	23.2	36.4	2.14	0.46	
4000	Tapioca ou Perles du Japon, cru	Tapioca, raw	02	354.0	0.19	87.8	0.02	3.35	0.9	0.0025	0.005
4002	Pomme de terre, sans peau, rôtie/cuite au four	Potato, peeled, roasted/baked	02	91.9	1.96	20.1	0.1	1.7	1.5	0.0036	0.026
4003	Pomme de terre, bouillie/cuite à l'eau	Potato, boiled/cooked in water	02	80.5	1.8	16.7	0.34	0.86	1.8	0.052	0.094
4004	Chips de pommes de terre nature ou aromatisées, standard	Potato, crisps, plain or flavoured	02	545.0	5.67	51.1	34.3	1.59	4.57	1.65	3.23
4008	Pomme de terre, sans peau, crue	Potato, peeled, raw	02	80.5	2.16	16.2	0.18	0.78	1.8	0.016	0.038
4011	Pomme de terre, appertisée, égouttée	Potato, canned, drained	02	59.9	1.47	11.7	0.34	0.65	2.2	0.15	0.055
4013	Pomme de terre noisette, surgelée, crue	Mashed potato balls pre-fried, frozen, raw	02	181.0	2.76	24.9	7.22	0.74	2.82	0.93	1.68
4014	Pomme de terre vapeur, sous vide	Potato, steamed, vacuum-packed	02	73.6	1.7	15.4	0.2	0.4	1.62	0.24	0.096
4015	Pomme de terre poêlée, avec matière grasse	Potato, sautéed/pan-fried	02	137.0	2.5	17.3	5.7	2.2	2.6	0.51	1.16
4016	Pomme de terre, flocons déshydratés, au lait ou à la crème	Potato flakes, dehydrated, with milk or cream	02	371.0	10.6	69.4	3.97	4.67	8.0	0.2	1.55
4017	Pomme de terre, purée à base de flocons, reconstituée avec lait entier, matière grasse	Potato puree, made from flakes, reconstituted with whole milk, with added fat	02	97.9	1.92	10.2	5.18	1.68	1.47	0.56	1.87
4018	Pomme de terre, purée, avec lait et beurre, non salée	Potato puree, with milk and butter, unsalted	02	88.8	1.89	14.2	2.4	1.41	1.5	0.11	1.46
4019	Pomme de terre, purée à base de flocons, reconstituée avec lait demi-écrémé et eau, non salée	Potato puree, made from flakes, reconstituted with semi-skimmed milk and water, unsalted	02	67.3	2.63	12.1	0.53	1.71	1.8	0.23	0.32
4020	Pomme de terre dauphine, surgelée, crue	Dauphine potato, frozen, raw	02	285.0	4.62	25.6	17.7	1.96	2.34	1.17	3.98
4021	Pomme de terre dauphine, surgelée, cuite	Dauphine potato, frozen, cooked	02	302.0	4.5	30.2	17.7	3.5	2.0	1.32	3.39
4022	Pomme de terre, flocons déshydratés, nature	Potato flakes, dehydrated, plain	02	361.0	8.04	76.1	0.46	2.35	10.3	0.55	0.15
4023	Pomme de terre nouvelle, crue	New potato, raw	02	76.4	1.88	15.9	0.3	0.2	1.3	0.058	0.058
4025	Potatoes ou Wedges ou Quartiers de pommes de terre épicés, surgelées, cuites	Potato chip, quarter, spiced, frozen, cooked	02	174.0	3.25	25.3	5.8	0	3.4	0.76	0.64
4026	Pomme de terre, rôtie/cuite au four	Potato, roasted/baked	02	89.4	2.5	18.5	0.13	1.18	2.2	0.025	0.035
4027	Pomme de terre sautée/rissolée, pré-frite, surgelée, cuite	Potato, pre-fried into cubes, frozen, cooked	02	156.0	2.81	23.0	4.8	0	4.0	0.19	0.61
4028	Pomme de terre de conservation, sans peau, bouillie/cuite à l'eau	Ware potato, boiled/cooked in water, peeled	02	76.1	1.81	15.7	0.25	0.1	1.9	0.005	
4029	Pomme de terre primeur, sans peau, bouillie/cuite à l'eau	Early potato, boiled/cooked in water, peeled	02	71.6	1.84	14.9	0.05		2.13		
4030	Frites de pommes de terre, surgelées, rôties/cuites au four	French fries or chips, frozen, roasted/baked	02	213.0	3.75	32.6	6.6	0.29	4.2	0.39	0.75
4032	Frites de pommes de terre, surgelées, cuites en friteuse	French fries or chips, frozen, deep-fried	02	285.0	3.28	39.4	11.9	0.69	3.9	0.073	2.94
4034	Pomme de terre duchesse, surgelée, cuite	Duchesse potato, frozen, cooked	02	218.0	3.44	29.5	8.5	0.2	4.8	0.99	0.96
4035	Pomme de terre noisette, surgelée, cuite	Mashed potato balls pre-fried, frozen, cooked	02	191.0	2.81	28.5	6.6	0.2	3.4	0.87	0.94
4036	Pomme de terre sautée/poêlée à la graisse de canard	Potato, sautéed/pan-fried, with goose fat	02	213.0	2.54	21.9	12.1	1.59	2.89	0.67	3.17
4037	Chips de pommes de terre nature ou aromatisées, à l'ancienne	Potato crisps, "à l'ancienne" (old-fashioned style)	02	570.0	5.62	49.8	37.6	1.38	4.51	1.78	3.53
4038	Chips de pommes de terre et assimilés nature ou aromatisées, allégées en matière grasse	Potato crisps and related, reduced fat	02	463.0	6.58	62.1	19.8	2.49	5.19	1.22	1.94
4039	Rostis ou Galette de pomme de terre	Rostis or Potatoes cake	02	182.0	2.38	22.5	8.3	0.2	3.3	0.82	1.06
4041	Aligot (purée de pomme de terre à la tomme fraîche), préemballé	Mashed potatoes w fresh tome cheese, prepacked	01	195.0	8.06	9.5	13.3	0.57	1.3	1.0	8.25
4042	Pomme de terre duchesse, surgelée, crue	Duchesse potato, frozen, raw	02	178.0	2.8	23.2	7.72	0.73	2.13	0.93	1.33
4043	Pomme de terre sautée/ rissolée, pré-frites, surgelée, crue	Potato, pre-fried into cubes, frozen, raw	02	135.0	2.32	20.9	4.2	0.42	2.41	0.17	1.14
4044	Frites de pommes de terre, surgelées, préfrites, pour cuisson rôtie/ au four	French fries or chips, frozen, pre-fried, raw, intended to be roasted/baked	02	154.0	2.41	23.4	5.09	0.35	2.58	0.28	1.56
4045	Frites de pommes de terre, surgelées, préfrites, pour cuisson micro-ondes	French fries or chips, frozen, pre-fried, aw, intended to be microwaved	02	254.0	3.5	34.0	10.8	0.23	3.83	0.27	1.74
4046	Frites de pommes de terre, surgelées, préfrites, pour cuisson en friteuse	French fries or chips, frozen, pre-fried, raw, intended to be deep-fried	02	244.0	3.12	29.1	12.1	0.48	3.39	0.12	4.09
4047	Pomme de terre, purée (aliment moyen)	Mashed potatoes (average)	02	91.8	2.11	12.7	3.25	1.49	1.58	0.35	1.71
4048	Pomme de terre, cuite (aliment moyen)	Potato, cooked (average food)	02	93.2	2.01	17.2	1.37	1.05	1.96	0.12	0.4
4090	Fécule de pomme de terre	Potato starch	03	348.0	0.0	86.3	0.2		0.55	0.0094	0.039
4101	Patate douce, crue	Sweet potato, raw	02	86.3	1.51	18.3	0.15	5.64	2.87	0.098	0.064
4102	Patate douce, cuite	Sweet potato, cooked	02	62.8	1.69	12.2	0.15	6.11	2.9	0.079	0.042
4103	Patate douce, purée, cuisinée à la crème	Sweet potato, puree, cooked with cream	02	79.8	1.1	12.1	2.0	7.5	4.5	0.56	1.4
5004	Panaché (limonade et bière)	Shandy (beer + lemonade)	06	36.2	0.0	5.63	0.0	5.4	0.0	0.0052	0.0
5005	Panaché préemballé (<1° alc.)	Shandy, prepacked (<1° alcohol)	06	25.4	0.48	4.93	0.025	4.92	0.0	0.0034	0.0
5007	Cidre doux	Cider, sweet	06	37.5	0.25	5.09	0.3	4.61	0.0	0.0098	0.0
5009	Bière blanche	Wheat bier	06	34.6	0.25	0.43	0.3	0.18	0.0	0.0073	
5021	Cidre bouché demi-sec	Cider, half-dry	06	48.0	0.25	4.4	0.3	3.7	0.0	0.007	
5022	Cidre aromatisé (framboise)	Flavoured cider	06	35.4	0.25	5.34	0.3	4.96	0.0	0.008	
5030	Bière sans alcool (<1,2° alcool)	Beer, alcohol-free (<1,2° alcohol)	06	25.3	0.31	4.89	0.025	2.55	0.0	0.0038	0.0
5214	Vin rouge	Wine, red	06	82.1	0.07	2.63	0.0	0.62	0.0	0.0025	0.0
6001	Boeuf, côte, crue	Beef, rib, raw	04	251.0	18.7	0	19.6		0.0	0.16	
6002	Boeuf, épaule, crue	Beef, shoulder, raw	04	168.0	20.4	0.0	9.64	0.0	0.0	0.17	4.02
6003	Boeuf, basse-côte, crue	Beef, chuck steak, raw	04	201.0	19.0	1.45	13.2	0.25	0.0	0.17	5.94
6100	Boeuf, entrecôte, partie maigre, grillée/poêlée	Beef, rib steak, lean, grilled/pan-fried	04	198.0	25.5	0.05	10.7	0.0	0.0	0.15	4.75
6101	Boeuf, braisé	Beef, braised	04	240.0	32.1	0.0	12.4		0.0	0.15	5.72
6102	Boeuf, gîte à la noix, cru	Beef, round, raw	04	148.0	21.3	0.0	7.05	0.0	0.0	0.14	2.72
6103	Boeuf, entrecôte, crue	Beef, rib steak, raw	04	231.0	19.4	0.0	17.1	0.0	0.0	0.075	8.07
6104	Boeuf, gîte à la noix, cuit	Beef, round, cooked	04	102.0	21.0	0.2	1.9		0.0		0.8
6105	Boeuf, faux-filet, rôti/cuit au four	Beef, sirloin steak, roasted/baked	04	194.0	28.8	0	8.71		0.0		3.62
6106	Boeuf, rond de gîte, cru	Beef, eye of round, raw	04	111.0	22.9	0.38	2.02	0.25	0.0	0.15	0.73
6110	Boeuf, faux-filet, grillé/poêlé	Beef, sirloin steak, grilled/pan-fried	04	182.0	27.1	0.0	8.17	0.0	0.0	0.14	3.39
6111	Boeuf, faux-filet, cru	Beef, sirloin steak, raw	04	152.0	22.3	0.6	6.74	0.0	0.0	0.082	
6116	Boeuf, filet, cru	Beef, tenderloin, raw	04	132.0	21.6	0.22	4.95	0.25	0.0	0.15	2.06
6122	Boeuf, plat de côtes, cru	Beef, short ribs, raw	04	287.0	18.4	0.0	23.7		0.0	0.12	10.6
6123	Boeuf, plat de côtes, braisé	Beef, short ribs, braised	04	269.0	37.3	0.0	13.3	0.0	0.0	0.13	5.58
6130	Boeuf, hampe, crue	Beef, thin flank, raw	04	154.0	19.0	0.0	8.63	0.0	0.0	0.15	3.91
6131	Boeuf, hampe, grillée/poêlée	Beef, thin flank, grilled/pan-fried	04	174.0	21.6	0	9.76		0.0		4.36
6140	Boeuf, joue, crue	Beef, cheek, raw	04	136.0	22.3	0.4	5.02	0.0	0.0	0.18	1.81
6141	Boeuf, joue, braisée ou bouillie	Beef, cheek, braised or boiled	04	236.0	39.2	0	8.82		0.0		3.19
6150	Boeuf, jarret, cru	Beef, knuckle, raw	04	122.0	20.9	0.0	4.25	0.0	0.0	0.14	1.22
6151	Boeuf, jarret, bouilli/cuit à l'eau	Beef, knuckle, boiled/cooked in water	04	161.0	31.0	0	4.1		0.0		1.13
6160	Boeuf, tende de tranche, crue	Beef, topside, raw	04	116.0	23.1	0.57	2.34	0.0	0.0	0.078	0.8
6161	Boeuf, tende de tranche, grillée/poêlée	Beef, topside, grilled/pan-fried	04	141.0	28.7	0	2.92		0.0		0.98
6162	Boeuf, tende de tranche, rôtie/cuite au four	Beef, topside, roasted/baked	04	146.0	29.8	0	3.03		0.0		1.03
6200	Boeuf, steak ou bifteck, grillé	Beef, steak or beef steak, grilled	04	128.0	27.6	0	1.95		0.0	0.16	0.9
6201	Boeuf, steak ou bifteck, cru	Beef, steak or beef steak, raw	04	223.0	19.2	0.0	16.2	0.0	0.0	0.15	6.75
6202	Boeuf, boule de macreuse, crue	Beef, bolar-blade, raw	04	118.0	21.8	0.0	3.36	0.0	0.0	0.097	1.23
6204	Boeuf, onglet, cru	Beef, hanger steak, raw	04	138.0	19.9	0.62	6.18	0.25	0.0	0.18	2.76
6205	Boeuf, onglet, grillé	Beef, hanger steak, grilled	04	171.0	23.0	0	8.8		0.0		
6206	Boeuf, rumsteck, cru	Beef, rump steak, raw	04	114.0	22.5	0.4	2.5	0.0	0.0	0.13	0.78
6207	Boeuf, rumsteck, grillé	Beef, rump steak, grilled	04	123.0	25.0	0	2.5		0.0		0.74
6208	Boeuf, boule de macreuse, grillée/poêlée	Beef, bolar-blade, grilled/pan-fried	04	144.0	26.7	0	4.11		0.0		1.53
6210	Boeuf, rosbif, rôti/cuit au four	Beef, roast beef, roasted/baked	04	117.0	21.9	0.3	3.16		0.0	0.05	0.62
6211	Boeuf, bavette d'aloyau, grillée/poêlée	Beef, flank steak, grilled/pan-fried	04	162.0	25.0	0	6.94		0.0		2.73
6212	Boeuf, bavette d'aloyau, crue	Beef, flank steak, raw	04	133.0	20.4	0.0	5.67	0.0	0.0	0.085	2.2
6214	Boeuf, boule de macreuse, rôtie/cuite au four	Beef, bolar-blade, roasted/baked	04	147.0	27.3	0	4.2		0.0		1.59
6230	Boeuf, à bourguignon ou pot-au-feu, cuit	Beef, stewing meat, cooked	04	172.0	34.0	0	4.05		0.0	0.15	2.77
6231	Boeuf, à bourguignon ou pot-au-feu, cru	Beef, stewing meat, raw	04	164.0	24.0	0.0	7.5	0.0	0.0	0.1	2.7
6240	Boeuf, collier, cru	Beef, neck, raw	04	198.0	20.1	0.78	12.7	0.25	0.0	0.17	5.41
6241	Boeuf, collier, braisé	Beef, neck, braised	04	184.0	33.0	0	5.8		0.0		1.97
6250	Boeuf, steak haché 5% MG, cru	Beef, minced steak, 5% fat, raw	04	130.0	21.9	0.3	4.59	0.0	0.0	0.097	1.64
6251	Boeuf, steak haché 5% MG, cuit	Beef, minced steak, 5% fat, cooked	04	155.0	25.5	0.0	5.85	0.0	0.0	0.16	2.67
6252	Boeuf, steak haché 10% MG, cru	Beef, minced steak, 10% fat, raw	04	171.0	20.0	0.025	10.1	0.0	0.0	0.16	2.88
6253	Boeuf, steak haché 10% MG, cuit	Beef, minced steak, 10% fat, cooked	04	210.0	26.1	0.0	11.8	0.0	0.0	0.17	4.63
6254	Boeuf, steak haché 15% MG, cru	Beef, minced steak, 15% fat, raw	04	209.0	20.2	0.47	14.1	0.0	0.0	0.1	5.71
6255	Boeuf, steak haché 15% MG, cuit	Beef, minced steak, 15% fat, cooked	04	239.0	23.6	0.0	16.1	0.0	0.0	0.21	7.08
6256	Boeuf, steak haché 20% MG, cru	Beef, minced steak, 20% fat, raw	04	249.0	17.3	0.0	20.0	0.0	0.0	0.16	7.99
6257	Boeuf, steak haché 20% MG, cuit	Beef, minced steak, 20% fat, cooked	04	265.0	23.0	0.14	19.2	0.0	0.0	0.19	8.14
6259	Boeuf, steak haché, cuit (aliment moyen)	Beef, ground, cooked (average)	04	231.0	23.8	0.0018	15.1	0.0	0.0	0.21	6.65
6270	Boeuf, paleron, cru	Beef, chuck, raw	04	144.0	21.2	0.0	6.54	0.0	0.0	0.12	2.59
6271	Boeuf, paleron, braisé ou bouilli	Beef, chuck, braised or boiled	04	251.0	36.8	0.2	11.4	0.0	0.0	0.17	4.5
6310	Boeuf, queue, bouillie/cuite à l'eau	Beef, oxtail, boiled/cooked in water	04	196.0	28.0	0	9.3		0.0		3.72
6311	Boeuf, queue, crue	Beef, oxtail, raw	04	203.0	21.5	0.23	12.9	0.25	0.0	0.28	4.41
6510	Veau, côte, crue	Veal, chop, raw	04	189.0	18.3	0.0	12.9	0.0	0.0	0.11	4.84
6511	Veau, côte, grillée/poêlée	Veal, chop, grilled/pan-fried	04	156.0	25.1	0.0	6.24		0.0	0.25	2.11
6512	Veau, carré, sauté/poêlé	Veal, loin, sautéed/pan-fried	04	171.0	28.0	0	6.6		0.0		2.64
6513	Veau, carré, cru	Veal, loin, raw	04	145.0	19.5	0.4	7.25	0.0	0.0	0.22	3.18
6520	Veau, escalope, cuite	Veal, escalope, cooked	04	147.0	31.0	0	2.5		0.0	0.15	0.82
6521	Veau, escalope, crue	Veal, escalope, raw	04	108.0	20.7	0.58	2.6	0.0	0.0	0.097	0.6
6522	Veau, noix, crue	Veal, tenderloin, raw	04	111.0	21.8	0.0	2.58	0.0	0.0	0.19	0.79
6523	Veau, noix, grillée/poêlée	Veal, tenderloin, grilled/pan-fried	04	147.0	29.1	0	3.44		0.0		1.06
6524	Veau, noix, rôtie	Veal, tenderloin, roasted	04	147.0	29.1	0	3.44		0.0		1.06
6530	Veau, filet, cru	Veal fillet, raw	04	95.0	20.6	0.0	1.4	0.0	0.0	0.24	0.5
6531	Veau, filet, rôti/cuit au four	Veal fillet, roasted/baked	04	201.0	23.4	0.5	11.7	0.0	0.0	0.23	4.13
6535	Veau, steak haché 20% MG, cru	Veal, minced steak, 20% fat, raw	04	243.0	16.7	0.4	19.5	0.0	0.0	0.19	8.5
6536	Veau, steak haché 15% MG, cru	Veal, minced steak, 15% fat, raw	04	208.0	18.2	0	15.0		0.0	0.17	6.2
6540	Veau, poitrine, crue	Veal, breast, raw	04	176.0	18.7	0.0	11.2	0.0	0.0	0.21	3.1
6550	Veau, rôti, cru	Veal, roast, raw	04	145.0	27.3	0.0	3.96	0.0	0.0	0.2	2.39
6551	Veau, rôti, cuit	Veal, roast, cooked	04	143.0	28.1	0.0	3.39		0.0	0.17	1.22
6560	Veau, épaule, crue	Veal, shoulder, raw	04	124.0	20.7	0.0	4.63	0.0	0.0	0.15	1.55
6562	Veau, épaule, grillée/poêlée	Veal, shoulder, grilled/pan-fried	04	166.0	27.6	0	6.17		0.0		2.07
6563	Veau, épaule, braisée ou bouillie	Veal, shoulder, braised/boiled	04	219.0	36.4	0	8.14		0.0		2.91
6564	Veau, viande, cuite (aliment moyen)	Veal, meat, cooked (average)	04	169.0	29.0	0.74	5.55		0.053	0.25	1.79
6580	Veau, pied, cru	Calf, foot, raw	04	184.0	19.1	0	12.0		0.0	0.12	
6581	Veau, jarret, braisé ou bouilli	Veal, knuckle or shank, braised or boiled	04	207.0	37.4	0	6.43		0.0		1.95
6582	Veau, tête, bouillie/cuite à l'eau	Calf, head, boiled/cooked in water	04	187.0	21.0	0	11.4		0.0		4.18
6583	Veau, jarret, cru	Veal, knuckle or shank, raw	04	118.0	21.3	0.0	3.66	0.0	0.0	0.21	1.11
6584	Viande blanche, cuite (aliment moyen)	white meat, cooked (average)	04	173.0	28.1	0.26	6.55	0.0019	0.0009	0.17	2.15
6585	Viande rouge, cuite (aliment moyen)	Red meat, cooked (average)	04	195.0	26.0	0.027	10.1		0.0	0.22	4.16
6590	Veau, collier, cru	Veal, neck, raw	04	133.0	19.8	0	5.92		0.0	0.15	1.99
6591	Veau, collier, braisé ou bouilli	Veal, neck, braised or boiled	04	233.0	34.9	0	10.4		0.0		3.5
6900	Cheval, viande, crue	Horse, meat, raw	04	167.0	18.8	0.6	10.0		0.0	0.16	3.64
6901	Cheval, steak, cru	Horse, steak, raw	04	129.0	21.4	0.4	4.6		0.0	0.13	1.44
6902	Cheval, viande, rôtie/cuite au four	Horse, meat, roasted/baked	04	138.0	28.0	0.0	2.85		0.0	0.1	2.41
6903	Cheval, tende de tranche, crue	Horse, topside, raw	04	106.0	22.7	0	1.68		0.0		0.48
6904	Cheval, faux-filet, cru	Horse, sirloin steak, raw	04	121.0	22.2	0	3.58		0.0		1.17
6905	Cheval, entrecôte, crue	Horse, rib steak, raw	04	118.0	22.1	0	3.34		0.0		1.08
6906	Cheval, tende de tranche, grillée/poêlée	Horse, topside, grilled/pan-fried	04	135.0	27.9	0	2.58		0.0		0.77
6907	Cheval, faux-filet, grillé/poêlé	Horse, sirloin steak, grilled/pan-fried	04	163.0	26.6	0	6.27		0.0		2.1
6908	Cheval, entrecôte, grillée/poêlée	Horse, rib steak, grilled/pan-fried	04	169.0	28.2	0	6.24		0.0		1.99
6909	Cheval, faux-filet, rôti/cuit au four	Horse, sirloin steak, roasted/baked	04	173.0	28.3	0	6.68		0.0		2.23
6910	Cheval, tende de tranche, rôtie/cuite au four	Horse, topside, roasted/baked	04	144.0	29.7	0	2.75		0.0		0.82
6999	Viande cuite (aliment moyen)	Meat, cooked (average)	04	182.0	27.2	0.24	8.04	0.011	0.0083	0.2	3.0
7000	Pain (aliment moyen)	Bread (average)	03	276.0	8.21	54.4	1.61	2.74	3.84	1.28	0.37
7001	Pain, baguette, courante	Bread, French bread, baguette	03	287.0	8.27	58.3	1.4	2.3	2.7	1.3	0.45
7002	Pain, baguette ou boule, au levain	Bread, French bread (baguette or ball), with yeast	03	261.0	7.41	53.1	1.3	2.4	2.1		0.2
7004	Pain grillé, domestique	Toasted bread, home-made	03	317.0	9.46	64.0	1.3	1.4	3.7	1.51	0.52
7007	Pain, baguette, de tradition française	Bread, French bread, baguette, unsalted	03	279.0	8.15	56.6	1.0	2.1	3.8	1.33	0.27
7010	Pain, baguette ou boule, bis (à la farine T80 ou T110)	Brown bread, French bread (baguette or ball), with flour type 80 or 110	03	265.0	8.6	54.0	0.33	2.39	4.2		0.045
7012	Pain courant, 400g ou boule	Bread, French bread, ball, 400g	03	266.0	7.9	52.0	2.0		2.6	1.33	0.42
7025	Pain, baguette ou boule, bio (à la farine T55 jusqu'à T110)	Brear (baguette or ball), made with type T55-T110 flour	03	257.0	8.68	49.9	1.19	1.37	4.33	1.37	0.17
7100	Pain, baguette ou boule, de campagne	Country-style bread, French bread (baguette or ball)	03	253.0	7.52	50.0	1.3	2.5	4.3	1.35	0.42
7110	Pain complet ou intégral (à la farine T150)	Bread, wholemeal or integral bread (made with flour type 150)	03	244.0	8.38	44.3	1.8	2.2	6.9	1.12	0.52
7111	Pain de mie, complet	Sandwich loaf, wholemeal	03	262.0	8.51	43.7	4.06	5.69	6.23	1.18	0.96
7112	Pain de mie, au son	Sandwich loaf, bran grain	03	278.0	6.84	46.0	5.5	3.53	7.0	1.35	
7113	Pain de mie, multicéréale	Sandwich loaf, multigrain	03	274.0	8.81	43.6	5.41	4.42	5.74	1.29	1.15
7115	Pain au son	Bran grain bread	03	249.0	8.03	44.4	2.6	2.04	6.21	1.65	0.2
7125	Pain de seigle, et froment	Rye bread, and wheat	03	260.0	8.27	51.5	1.0	2.4	4.5	1.35	0.32
7130	Pain, sans gluten	Bread, gluten free	03	261.0	2.62	51.8	3.3	4.9	6.5	1.56	1.24
7160	Pain, baguette, sans sel	Bread, French bread, without salt	03	279.0	8.3	56.5	1.3	8.6	2.68	0.013	0.3
7170	Pain panini	Panini bread	03	272.0	7.66	55.9	1.1	2.3	2.6	1.55	0.22
7180	Pain pita	Pita bread	03	259.0	7.53	53.0	0.92	2.18	2.68	1.38	0.17
7200	Pain de mie, courant	Sandwich loaf	03	278.0	7.13	52.3	3.6	7.8	1.8	1.15	0.58
7201	Pain de mie, sans croûte, préemballé	Sandwich loaf, crust less, prepacked	03	271.0	7.52	49.5	3.8	9.2	3.0	1.06	0.35
7210	Pain de mie brioché, préemballé	Brioche sandwich bread, prepacked	03	309.0	7.87	52.4	6.5	11.5	3.1	1.12	0.76
7225	Pain brioché ou viennois	Brioche or Vienna bread	07	356.0	9.76	55.5	9.38	6.9	3.3	1.31	5.22
7255	Pain, baguette ou boule, aux céréales et graines, artisanal	Bread, French bread, (baguette or ball), multigrain, from bakery	03	269.0	9.58	46.9	3.2	2.2	5.2	1.13	0.45
7256	Muffin anglais, complet, petit pain spécial, préemballé	English muffin, wholewheat flour, prepacked	03	217.0	12.5	32.9	1.87	2.13	7.07	0.98	0.2
7257	Muffin anglais, petit pain spécial, préemballé	English muffin, prepacked	03	228.0	10.6	39.6	1.88	4.25	3.18	1.05	0.42
7258	Bagel	Bagel	03	272.0	9.26	47.3	3.98	5.36	3.42	1.08	1.02
7259	Pain pour hamburger ou hot dog (bun), préemballé	Rolls for hamburger/hotdog (buns), prepacked	03	293.0	9.07	49.7	5.35	5.88	3.3	1.14	0.88
7260	Pain blanc maison (avec farine pour machine à pain)	Bread, home-made, with flour for home-made bread preparation	03	256.0	7.81	52.1	0.9		2.6	1.45	0.17
7261	Pain de campagne maison (avec farine pour machine à pain)	Country-style bread, home-made (with flour for bread making machine)	03	240.0	7.98	46.7	0.9		5.1	1.34	0.18
7262	Pain pour hamburger ou hot dog (bun), complet, préemballé	Rolls for hamburger/hotdog (buns), wholemeal, prepacked	03	285.0	8.89	46.3	5.75	5.38	4.75	1.11	0.55
7263	Bretzel, pain frais	Bretzel	03	330.0	9.18	54.6	7.1	3.58	3.8	3.35	0.95
7300	Biscotte classique	Rusk	03	409.0	9.8	76.6	5.9	6.8	3.1	1.27	1.98
7301	Biscotte briochée	Rusk, w eggs	03	417.0	10.9	69.0	9.28	9.01	4.85	0.99	6.17
7310	Biscotte sans adjonction de sel	Rusk, unsalted	03	405.0	10.4	74.0	5.88	5.67	5.16	0.046	2.63
7330	Biscotte multicéréale	Rusk, multigrain	03	398.0	11.8	66.7	7.22	5.4	7.08	1.51	2.51
7340	Biscotte complète ou riche en fibres	Rusk, wholemeal or rich in fibre	03	393.0	11.7	67.0	6.17	4.32	8.84	1.25	2.61
7351	Crackers de table au froment	Wheat crackers	03	450.0	7.75	75.0	12.0	0.4	4.1	1.5	4.5
7352	Galette de riz soufflé complet	Puffed rice textured bread, wholemeal	03	385.0	7.32	80.5	3.0	0.73	2.9	0.18	0.54
7353	Galette multicéréales soufflée	Puffed cereals textured bread	03	394.0	8.43	82.4	2.5	0.98	3.0	0.23	0.33
7400	Pain grillé, tranches, au froment	Rusk, slice, wheat	03	404.0	9.76	74.4	6.16	5.28	4.34	1.56	2.49
7403	Pain grillé brioché, tranché, préemballé	Rusk with eggs, sliced, prepacked	03	419.0	10.6	70.8	9.19	11.0	3.58	1.03	4.18
7407	Pain grillé suédois au froment	Wheat swedish toast	03	402.0	8.89	68.5	8.25	6.2	7.3	1.06	1.64
7409	Pain grillé suédois aux graines de lin	Swedish toast, with linseeds	03	396.0	10.3	63.0	9.0	4.67	9.0	1.57	1.17
7410	Tartine craquante, extrudée et grillée	Crispbread, extruded and grilled	03	379.0	9.97	73.7	3.57	6.36	4.37	1.43	0.96
7420	Pain grillé suédois au blé complet	Wheat swedish toast, wholemeal	03	398.0	10.5	66.4	8.0	2.0	7.0	1.53	3.0
7421	Pain grillé suédois aux fruits	Swedish toast, with fruits	03	401.0	7.98	70.8	8.0	13.0	5.25	0.86	3.0
7425	Pain grillé, tranches, multicéréale	Rusk , slice, multigrain	03	419.0	11.1	68.8	9.3	3.68	5.95	1.09	1.04
7431	Croûton à tartiner	Croutons, for spreads	03	374.0	12.3	70.0	2.85	7.5	7.0	1.3	1.45
7432	Croûtons nature, préemballés	Croutons, plain, prepacked	03	495.0	8.38	59.1	24.1	4.0	2.6	1.7	4.3
7500	Chapelure	Breadcrumbs	03	374.0	11.6	70.0	3.77	6.9	4.5	1.82	0.94
7525	Gressin	Grissini or bread stick	03	433.0	12.7	65.3	11.8	2.06	5.16	1.8	2.78
7600	Viennoiserie (aliment moyen)	Pastry, average food	07	380.0	7.77	49.1	16.2	12.8	2.43	1.04	8.6
7602	Croissant, sans précision	Croissant	07	375.0	6.65	40.4	20.0	8.83	2.32	1.1	11.6
7615	Croissant ordinaire, artisanal	Croissant, ordinary, from bakery	07	412.0	6.33	47.6	21.1	7.88	1.8	1.31	11.6
7620	Croissant au beurre, artisanal	Croissant, butter, from bakery	07	420.0	6.61	45.7	22.6	7.3	2.5	1.16	15.1
7650	Croissant aux amandes, artisanal	Croissant w almonds, from bakery	07	446.0	7.62	35.9	29.1	14.1	3.7	0.79	15.0
7710	Pain au lait, artisanal	Milk roll, from bakery	07	382.0	8.55	50.6	15.4	9.94	1.5	1.1	8.34
7711	Pain au lait, préemballé	Milk roll, prepacked	07	359.0	8.94	52.2	12.3	11.9	1.8	1.06	5.54
7712	Pain au lait aux pépites de chocolat, préemballé	Milk roll filled with chocolate drops, prepacked	07	369.0	8.51	52.0	13.5	18.0	2.72	0.93	6.32
7720	Pain aux raisins (viennoiserie)	Raisin puff pastry (Viennese pastries)	07	333.0	5.11	55.9	9.0	18.7	2.8	0.71	4.1
7730	Pain au chocolat feuilleté, artisanal	Chocolate croissant, puff pastry, from bakery	07	423.0	7.47	45.4	22.5	12.8	3.0	0.98	14.7
7733	Pain au chocolat, préemballé	Chocolate croissant, prepacked	07	425.0	6.9	46.8	22.3	11.1	3.0	1.1	13.4
7735	Brioche (ou briochettes) aux pépites de chocolat, préemballée	Brioche, filled with chocolate drops, prepacked	07	348.0	8.56	51.6	11.2	17.0	3.0	0.94	0.92
7737	Brioche fourrée au chocolat	Brioche, filled with chocolate	07	351.0	7.47	53.2	11.6	21.1	2.17	0.86	6.82
7738	Brioche fourrée aux fruits, préemballée	Brioche, filled with fruits, prepacked	07	346.0	6.9	50.5	12.1	18.4	3.8	1.0	7.2
7739	Brioche fourrée crème pâtissière (type "chinois"), préemballée	Brioche, filled with custard (Chinese brioche type), prepacked	07	300.0	6.22	49.2	8.41	20.7	1.5	0.68	4.93
7740	Brioche, préemballée	Brioche, prepacked	07	354.0	8.13	52.7	11.8	12.7	2.2	1.0	5.01
7741	Brioche, sans précision	Brioche	07	401.0	11.3	46.0	19.1	5.7	0.25	1.13	7.84
7742	Brioche, de boulangerie traditionnelle	Brioche, from bakery	07	374.0	9.81	49.2	14.7		3.0	1.47	8.51
7744	Couronne de Noël (Brioche) aux fruits confits, préemballée	Christmas brioche with candied fruits, prepacked	07	355.0	7.2	53.3	12.3	19.6	1.35	0.89	5.83
7745	Brioche pur beurre, préemballée	Brioche, pure butter	07	366.0	8.0	51.6	14.0	13.4	1.1	0.96	8.69
7811	Focaccia, garnie	Focaccia, filled	01	233.0	8.0	29.5	8.75	4.25	2.25	1.45	1.75
7812	Fougasse, garnie	Fougasse, filled	01	306.0	9.53	38.8	11.8	1.47	3.2	1.78	2.74
7813	Tortilla souple (à garnir), à base de maïs	Corn tortilla wrap, to be filled	03	313.0	9.06	54.7	5.8	2.6	2.8	1.08	0.78
7814	Cake salé (garniture : fromage, légumes, viande, poisson, volaille, etc.), préemballé	Savoury cake (with cheese, vegetables, meat, fish, poultry,etc.), prepacked	01	321.0	11.6	25.6	18.4	2.68	2.3	1.64	4.68
7815	Tortilla souple (à garnir), à base de blé	Wheat tortilla wrap, to be filled	03	327.0	8.34	52.1	8.2	1.55	3.85	1.25	3.85
8000	Rillettes traditionnelles de porc	Rillettes, pork	04	390.0	14.3	0.2	36.9		0	1.6	14.6
8001	Rillettes pur porc	Rillettes, pure pork	04	414.0	16.7	0.13	38.3	0.1	0.25	0.97	15.2
8010	Rillettes de Tours	Rillettes from Tours	04	522.0	18.0	0	50.0		0		
8015	Rillettes du Mans	Rillettes from Mans	04	420.0	15.6	4.7	37.6	0.13	0.21	1.28	14.8
8025	Rillettes pur oie	Rillettes, pure goose	04	417.0	14.7	0	39.8		0	1.3	
8026	Rillettes de canard	Rillettes, duck	04	377.0	15.3	1.03	34.6	0	0	1.25	11.2
8030	Rillettes d'oie	Rillettes, goose	04	364.0	14.9	0.99	33.4		0	1.29	9.82
8040	Rillettes de poulet	Rillettes, poultry	04	340.0	16.4	0.49	30.3	0.36	0.25	1.19	10.7
8059	Rillettes de crabe, préemballées	Rillettes, crab, prepacked	04	192.0	12.2	3.5	13.6	1.6	3.5	1.11	1.1
8080	Rillettes de poisson, préemballées	Rillette, fish, prepacked	04	243.0	13.9	0.3	20.7	0.3	0.0	0.96	4.24
8081	Rillettes de saumon, préemballées	Rillettes, salmon, prepacked	04	237.0	15.1	2.0	18.4	0.9	1.6	1.3	2.4
8082	Rillettes de thon, préemballées	Rillettes, tuna, prepacked	04	199.0	16.4	1.65	13.8	1.2	1.4	1.24	1.1
8083	Rillettes de maquereau, préemballées	Rillettes, mackerel, prepacked	04	246.0	11.0	1.0	22.0	0.0	0.0		
8109	Confit de canard, viande (cuisse), sans peau, réchauffé	Duck confit (conserved in rendered fat), meat (leg) without skin, reheated	04	195.0	32.0	0	7.4		0.0	1.89	2.31
8110	Confit de canard	Preserved duck	04	273.0	25.7	0.15	18.8	0.14	0.4	1.44	7.26
8111	Canard, magret fumé	Duck breast fillet, smoked	04	364.0	21.9	0.55	30.5	0.55	0.0	3.28	11.3
8120	Confit de foie de porc	Preserved pork liver	04	346.0	16.0	14.1	25.0	1.0	0.5	1.51	9.5
8125	Confit de foie de volaille	Preserved poultry liver	04	356.0	14.0	7.42	30.0		0.0	1.93	11.0
8201	Pâté au poivre vert	Pâté w green pepper	04	358.0	10.1	1.45	34.6		0		
8211	Pâté ou terrine de campagne	Country-style pâté or terrine	04	323.0	15.5	1.5	28.2	0.62	0.0	1.54	10.4
8214	Pâté breton	Breton pâté	04	363.0	11.0	2.88	34.0	1.0	0.5	1.67	13.0
8232	Terrine de canard	Duck terrine	04	320.0	13.2	4.44	27.1	1.3	1.75	1.39	9.91
8240	Pâté de lapin	Rabbit pâté	04	247.0	16.3	0.00027	20.2		0.0	1.53	8.8
8242	Terrine de lapin	Rabbit terrine	04	281.0	16.5	5.67	21.2	0.95	1.0	1.84	7.9
8245	Pâté de gibier	Game pâté	04	284.0	15.0	4.0	23.0	2.0	0.5	1.53	9.0
8250	Pâté ou terrine aux champignons (forestier)	Country-style pâté with mushrooms	04	329.0	12.6	5.93	28.1	1.95	0.58	1.73	10.6
8291	Terrine de poisson, préemballée	Fish terrine, prepacked	04	171.0	11.0	5.5	11.4	0.2	1.4	1.25	4.0
8292	Terrine de fruits de mer, avec ou sans poisson, préemballée	Seafood terrine, with or without fish, prepacked	04	188.0	8.4	6.5	14.0	1.2	1.3	1.48	3.4
8293	Tarama, préemballé	Taramasalata, prepacked	04	534.0	6.75	3.19	54.8	0.75	0.74	1.69	4.61
8300	Pâté de foie de porc, supérieur	Pork liver pâté, superior quality	04	341.0	13.0	2.4	31.0		0		
8305	Pâté de foie de porc	Pork liver pâté	04	355.0	10.8	2.91	33.3	1.38	0.2	1.68	11.6
8312	Mousse de foie de porc supérieure ou Crème de foie	Pork liver mousse, superior quality	04	322.0	11.1	10.3	26.1	2.18	0.72	1.99	10.5
8313	Mousse de foie de porc	Pork liver mousse	04	287.0	12.0	3.39	24.9	1.89	0.75	1.72	9.34
8315	Mousse de canard	Duck mousse	04	395.0	10.1	7.07	36.1	2.05	0.45	1.58	13.7
8316	Pâté de foie de volaille	Poultry liver pâté	04	269.0	13.8	1.96	22.9	0.81	0.0	1.22	7.12
8321	Foie gras, canard, entier, cuit	Foie gras, duck's liver, whole, cooked	04	535.0	8.41	2.32	54.6	1.71	0.35	1.11	23.0
8323	Foie gras, canard, bloc, sans morceaux	Foie gras, duck's liver, without pieces	04	482.0	5.75	2.1	50.0	1.47	0.35	1.14	19.7
8324	Foie gras, canard, bloc, 30% de morceaux	Foie gras, duck's liver, 30% pieces	04	489.0	6.88	2.43	50.1	1.41	0.0	1.29	21.6
8325	Foie gras, canard, bloc, 50% de morceaux	Foie gras, duck's liver, 50% pieces	04	479.0	6.39	2.0	49.5	1.2	0.0	1.29	20.2
8326	Pâté de foie d'oie	Goose liver pâté	04	459.0	11.4	4.67	43.8		0.0	1.74	14.5
8328	Foie gras de canard, cru	Foie gras, duck, raw	04	600.0	5.94	1.41	63.4	1.14	0.0	0.52	28.1
8331	Foie gras, canard, bloc (aliment moyen)	Foie gras, block (average)	04	489.0	6.88	2.43	50.1	1.41	0.0	1.29	21.6
8332	Pâté (aliment moyen)	Paté (average)	04	325.0	13.6	4.61	27.9	1.23	0.29	1.58	10.4
8350	Galantine (aliment moyen)	Galantine (average)	04	279.0	15.2	1.57	23.4	0.85	0.67	2.04	9.78
8373	Roulade de porc pistachée	Rolled escalope of pork with pistachios	04	258.0	17.7	0.7	20.2	0.7	1.2	2.5	7.8
8391	Pâté en croûte	Pâté in crust	04	292.0	11.0	22.9	17.1	3.47	1.5	1.83	8.33
8395	Jambon en croûte	Ham, in a pastry crusty	04	193.0	14.1	17.8	7.0	2.3	1.1	2.11	2.38
8400	Fromage de tête	Head-cheese pâté or brawn	04	173.0	14.1	0.2	12.9	0.0	0.0	1.91	4.37
8406	Museau de porc vinaigrette	Pork snout in salad dressing sauce	04	185.0	8.22	1.02	16.3	0.62	0.55	1.75	4.0
8429	Jambon persillé en gelée	Pork ham w parsley and jelly	04	152.0	19.0	0.48	7.9	0.3	0.0	1.67	2.8
8450	Museau de boeuf	Ox muzzle	04	151.0	26.2	0.0	5.17		0		
8500	Andouille	Chitterling sausage	04	211.0	18.4	0.3	15.1		0	2.08	
8501	Andouille de Guéméné	Chitterling sausage from Guéméné	04	234.0	18.0	0	18.0		0		
8504	Andouille, réchauffée à la poêle	Chitterling sausage, pan-reheated	04	271.0	22.5	0.0	20.0	0.1	0.5	2.82	9.29
8512	Andouille de Vire	Chitterling sausage from Vire	04	238.0	19.0	0	18.0		0		
8550	Andouillette, à cuire	Chitterling sausage, raw	04	227.0	18.8	1.0	16.3	0.25	0.71	1.46	6.94
8551	Andouillette, sautée/poêlée	Chitterling sausage, sautéed/pan-fried	04	303.0	24.5	1.0	22.3	0.1	0.5	2.73	11.1
8552	Andouillette de Troyes, à cuire	Chitterling sausage from Troyes, raw	04	254.0	19.7	0.5	19.0	0.25	0.9	1.97	7.91
8601	Tripes à la mode de Caen	Caen-style tripe	01	116.0	20.4	0.3	3.68	0	0.0	1.06	1.29
8602	Tripes à la mode de Caen, préemballées	Caen-style tripe, prepacked	01	112.0	18.4	0.7	3.62	0.5	1.25	1.03	2.1
8612	Tripes à la tomate ou à la provençale	Provencal-type tripe (with tomato)	01	94.1	15.7	0.6	3.2	0.2	0.0	1.23	1.64
8703	Boudin noir, à cuire	Black pudding (blood sausage), refrigerated	04	313.0	12.2	4.5	27.1	1.12	1.42	1.29	9.57
8704	Boudin noir, sauté/poêlé	Black pudding (blood sausage), sautéed/pan-fried	04	246.0	11.9	3.78	20.3	2.86	0.0	1.31	7.46
8705	Boudin, sauté/poêlé (aliment moyen)	Black or white pudding (blood sausage), sautéed (average)	04	246.0	11.3	4.02	19.4	2.6	0.0	1.41	7.2
8803	Boudin blanc truffé, à cuire	White pudding, truffled, raw	04	227.0	11.3	4.8	17.8	1.7	1.4	1.48	7.4
8903	Quenelle de veau, en sauce	Veal quenelle, in sauce	04	165.0	3.52	15.6	9.5	0.94	1.39	1.17	4.56
8910	Quenelle de volaille, crue	Poultry quenelle, raw	04	187.0	9.3	14.1	10.1	1.2	1.1	0.74	1.5
8912	Quenelle de volaille, en sauce	Poultry quenelle, in sauce	04	138.0	3.55	10.3	8.92	1.92	1.2	1.1	4.95
8932	Quenelle de poisson, en sauce	Fish quenelle, in sauce	04	135.0	3.79	10.5	8.51	0.97	0.72	1.11	3.95
8933	Quenelle de poisson, crue	Fish quenelle, raw	04	245.0	8.1	23.6	12.7	1.9	2.15	0.95	8.2
8937	Quenelle nature, crue	Quenelle, plain, raw	04	217.0	7.68	14.8	13.7	2.15	2.15	1.04	
9001	Épeautre, cru	Spelt, raw	03	344.0	14.6	59.5	2.43	6.68	10.7	0.02	0.41
9003	Blé de Khorasan, cru	Khorasan wheat	03	342.0	14.5	59.5	2.13	7.74	11.1	0.013	0.2
9011	Blé germé, cru	Wheat sprouted, raw	03	211.0	7.49	41.4	1.27		1.1	0.04	0.21
9060	Blé dur entier, cru	Durum wheat, whole, raw	03	343.0	12.1	62.4	2.24	3.17	11.0	0.0088	0.37
9080	Blé dur précuit, entier, cru	Wheat, whole, pre-cooked, raw	03	359.0	13.7	67.7	1.83	0.83	6.67	0.01	0.37
9081	Blé dur précuit, grains entiers, cuit, non salé	Durum wheat pre-cooked, whole grain, cooked, unsalted	03	149.0	5.54	27.4	0.9	0	3.8	0.006	0.23
9082	Blé dur précuit cuisiné, en sachet micro-ondable	Durum wheat, pre-cooked, cooked, in a microwaveable bag	01	188.0	4.93	29.5	4.84	2.21	2.58	1.16	1.11
9083	Blé dur précuit, grains entiers, cuisiné, à poêler	Durum wheat pre-cooked, whole grain, cooked, to pan-fry	01	344.0	11.1	67.2	1.59	2.64	6.28	1.51	0.69
9085	Nouilles asiatiques cuites, aromatisées	Asian noodles, flavoured, cooked	03	147.0	4.78	18.8	4.3	2.0	6.3	1.2	0.5
9086	Pâtes ou nouilles asiatiques au blé, cuites, nature, non salées	Asian noodles, plain, cooked, unsalted	03	165.0	3.5	21.4	6.9		1.0	0.23	3.16
9100	Riz blanc, cru	Rice, raw	03	352.0	7.04	78.0	0.91	0.16	1.05	0.0061	0.2
9101	Riz blanc étuvé, cru	Rice, parboiled, raw	03	356.0	7.11	78.6	0.98	0.4	1.32	0.012	0.21
9102	Riz complet, cru	Rice, brown, raw	03	350.0	7.02	71.4	2.8	0.66	5.0	0.01	0.61
9103	Riz complet, cuit, non salé	Rice, brown, cooked, unsalted	03	158.0	3.21	32.6	1.0	0.1	2.3	0.005	0.17
9104	Riz blanc, cuit, non salé	Rice, cooked, unsalted	03	145.0	2.92	31.8	0.41	0.1	0.8	0.005	0.076
9105	Riz blanc étuvé, cuit, non salé	Rice, parboiled, cooked, unsalted	03	146.0	2.95	31.7	0.56	0.11	1.1	0.0059	0.33
9108	Riz sauvage, cru	Wild rice, raw	03	344.0	11.1	69.2	0.94	2.5	5.9	0.0068	0.14
9109	Riz rouge, cru	Rice, red, raw	03	352.0	7.97	70.6	3.0		4.5	0.028	
9110	Riz rouge, cuit, non salé	Rice, red, cooked, unsalted	03	141.0	3.45	28.2	0.69		4.0	0.0088	
9111	Riz sauvage, cuit, non salé	Wild rice, cooked, unsalted	03	102.0	3.8	19.7	0.34	0.73	1.8	0.0075	0.049
9119	Riz thaï ou basmati, cru	Basmati rice, raw	03	353.0	7.67	77.8	0.84	0.17	0.92	0.014	0.19
9121	Riz, mélange de variétés (blanc, complet, rouge, sauvage, etc.), cru	Rice, mix of species (white, wholegrain, wild, red,etc.), raw	03	355.0	7.14	78.1	1.0	0.5	1.5	0.025	0.2
9124	Riz thaï, cuit, non salé	Rice, thaï, cooked	03	143.0	2.92	30.5	0.7	0	1.1	0.006	0.3
9125	Riz basmati, cuit, non salé	Rice, basmati, cooked	03	117.0	2.74	24.4	0.6	0	1.0	0.006	0.3
9200	Maïs entier, cru	Corn or maize grain, raw	03	346.0	8.1	67.2	3.7	1.6	5.7	0.01	
9230	Pop-corn ou Maïs éclaté, à l'huile, salé	Pop-corn or oil popped maize, salted	03	485.0	11.0	52.6	23.8	0.57	8.1	1.2	9.85
9231	Pop-corn ou Maïs éclaté, à l'air, non salé	Pop-corn or air-popped maize, unsalted	03	417.0	10.2	60.0	12.3	0.87	12.8	0.02	4.57
9232	Pop-corn ou Maïs éclaté, au caramel	Pop-corn or popped maize, with caramel	03	418.0	3.0	85.4	6.5	62.0	3.0	0.14	1.0
9310	Avoine, crue	Oat, raw	03	378.0	16.9	55.7	6.9	1.2	10.6	0.005	1.22
9311	Flocon d'avoine	Oatmeal flakes	03	367.0	13.3	57.9	6.51	0.97	10.2	0.014	1.13
9313	Flocons d'avoine, bouillis/cuits à l'eau	Oat flakes, boiled/cooked in water	03	75.5	2.54	11.9	1.52	0.27	1.7	0.01	0.31
9320	Orge entière, crue	Barley, whole, raw	03	334.0	12.5	56.2	2.3	0.8	17.3	0.03	0.48
9321	Orge perlée, crue	Pearled barley, raw	03	346.0	9.91	68.6	1.16	0.8	9.1	0.023	0.24
9322	Orge perlée, bouilli/cuite à l'eau, non salée	Pearled barley, boiled/cooked in water, unsalted	03	119.0	2.26	24.4	0.44	0.28	3.8	0.0075	0.093
9330	Mil entier, cru	Millet, whole	03	359.0	11.0	64.3	4.21		8.5	0.0068	0.72
9331	Mil, cuit, non salé	Millet, cooked, unsalted	03	116.0	3.51	22.4	1.0	0.13	1.3	0.005	0.17
9340	Quinoa, cru	Quinoa, raw	03	358.0	13.2	58.1	6.07		7.0	0.013	0.71
9341	Quinoa, bouilli/cuit à l'eau, non salé	Quinoa, boiled/cooked in water, unsalted	03	149.0	4.66	27.9	1.1	0.87	3.8	0.015	0.14
9345	Amarante, crue	Amaranth, raw	03	369.0	13.5	58.6	7.02	1.68	6.7	0.01	1.46
9360	Sorgho entier, cru	Sorghum, whole, raw	03	349.0	10.6	65.4	3.46	2.48	6.7	0.005	0.61
9380	Sarrasin entier, cru	Buckwheat, whole, raw	03	356.0	12.9	64.6	3.55		7.0	0.0025	0.74
9390	Seigle entier, cru	Rye, whole, raw	03	334.0	9.83	61.0	1.97	0.98	15.0	0.0073	0.25
9410	Farine de blé tendre ou froment T110	Wheat flour, type 110	03	343.0	9.61	68.6	1.5	1.6	6.8	0.065	0.27
9415	Farine de blé tendre ou froment T150	Wheat flour, type 150	03	342.0	11.4	64.9	1.52	1.77	10.2	0.035	0.22
9435	Farine de blé tendre ou froment T65	Wheat flour, type 65	03	346.0	13.6	67.6	1.0	1.5	3.5	0.03	
9436	Farine de blé tendre ou froment T55 (pour pains)	Wheat flour, type 55 (for bread)	03	350.0	9.03	73.7	1.0	1.5	3.2	0.065	0.19
9437	Farine de blé tendre ou froment avec levure incorporée	Wheat flour, self-raising	03	350.0	9.12	74.0	1.0	2.5	2.5		0.5
9440	Farine de blé tendre ou froment T45 (pour pâtisserie)	Wheat flour, type 55 (for pastry)	03	356.0	9.06	75.9	0.82	0.41	2.5	0.098	0.13
9445	Farine de blé tendre ou froment T80	Wheat flour, type 80	03	355.0	9.95	73.2	1.18	1.77	4.2		0.17
9480	Farine d'épeautre (grand épeautre)	Spelt flour	03	352.0	11.4	64.0	3.0	1.3	9.3	0.065	0.5
9510	Amidon de maïs ou fécule de maïs	Maize/corn starch	03	362.0	0.43	89.2	0.25	0.0	0.8	0.019	0.009
9520	Farine de riz	Rice flour	03	357.0	7.62	73.9	2.5	0.9	3.3	0.065	0.46
9530	Farine de seigle T170	Rye flour, type 170	03	315.0	15.9	44.8	2.22	2.31	23.8	0.005	0.27
9532	Farine de seigle T85	Rye flour, type 85	03	344.0	8.12	70.7	1.37	0.93	7.15	0.0051	0.15
9533	Farine de seigle T130	Rye flour, type 130	03	344.0	7.24	70.9	1.12	1.1	9.5	0.0061	0.22
9540	Farine de sarrasin	Buckwheat flour	03	348.0	11.5	68.4	2.19	0.03	4.2	0.042	0.33
9545	Farine de maïs	Maize/corn flour	03	361.0	6.23	78.1	2.1	0.64	2.55	0.0025	0.27
9550	Farine d'orge	Barley flour	03	339.0	9.91	64.5	2.3	0.8	8.85	0.0081	0.43
9555	Farine de millet	Millet flour	03	350.0	10.2	63.2	4.1	0.5	9.7	0.065	0.76
9580	Farine de pois chiche	Chick pea flour	03	359.0	22.4	47.0	6.69	10.9	10.8	0.16	0.69
9610	Semoule de blé dur, crue	Durum wheat semolina, raw	03	352.0	10.9	71.6	1.25	1.0	3.37	0.003	0.21
9611	Semoule de blé dur, cuite, non salée	Semolina, cooked	03	122.0	3.42	24.0	0.8	3.0	1.9	0.006	0.25
9612	Mélange de céréales et légumineuses, cru	Mix of cereals and legumes, raw	03	354.0	13.7	59.0	4.0	4.5	11.0	0.99	0.5
9614	Polenta ou semoule de maïs, précuite, sèche	Polenta or Maize/corn semolina, pre-cooked, dried	03	350.0	7.88	74.0	1.8		3.2	0.0043	
9615	Polenta ou semoule de maïs, cuite, non salée	Polenta or maize semolina, cooked, unsalted	03	77.5	1.38	16.9	0.15	0.1	1.6	0.005	0.005
9621	Son de blé	Wheat bran	10	279.0	15.4	23.6	4.35	2.46	42.0	0.033	0.84
9640	Son d'avoine	Oat bran	10	359.0	15.8	51.0	6.48	2.23	16.7	0.016	1.16
9641	Son de maïs	Maize/corn bran	10	226.0	8.36	6.65	0.92	0.0	79.0	0.018	0.13
9643	Son de riz	Rice bran	10	398.0	13.9	28.1	20.9	0.9	21.0	0.013	4.17
9647	Son (aliment moyen)	Bran (average)	10	344.0	15.7	46.0	6.09	2.27	21.3	0.019	1.1
9660	Germe de blé	Wheat germ	10	375.0	27.2	35.1	9.5	10.0	16.3	0.018	1.83
9681	Graine de couscous (semoule de blé dur précuite), crue	Couscous (precooked durum wheat semolina), raw	03	365.0	12.0	72.7	1.45	2.95	4.33	0.013	0.28
9683	Graine de couscous (semoule de blé dur précuite), cuite, non salée	Couscous (precooked durum wheat semolina), cooked, unsalted	03	157.0	4.56	31.0	1.0	1.6	2.3	0.006	0.25
9690	Boulgour de blé, cru	Wheat bulgur, raw	03	351.0	11.5	66.8	1.71	0.41	9.57	0.043	0.27
9691	Boulgour de blé, cuit, non salé	Wheat bulgur, cooked, unsalted	03	111.0	3.73	21.7	0.5	0	2.2	0.018	0.11
9810	Pâtes sèches standard, crues	Dried pasta, raw	03	336.0	11.5	65.8	1.79	2.12	3.0	0.031	0.37
9811	Pâtes sèches standard, cuites, non salées	Dried pasta, cooked, unsalted	03	126.0	3.99	25.0	0.55	0.6	1.9	0.005	0.11
9815	Pâtes fraîches, aux oeufs, crues	Fresh egg pasta, raw	03	283.0	10.1	53.8	1.87	2.54	3.17	0.35	0.49
9816	Pâtes fraîches, aux oeufs, cuites, non salées	Fresh egg pasta, cooked, unsalted	03	168.0	5.76	32.0	1.3		1.5	0.042	
9821	Pâtes sèches, aux oeufs, crues	Dried egg pasta, raw	03	381.0	14.0	68.0	4.72	2.19	3.15	0.085	1.34
9822	Pâtes sèches, aux oeufs, cuites, non salées	Dried egg pasta, cooked, unsalted	03	134.0	4.57	23.0	2.0	0.8	2.0	0.005	0.34
9824	Pâtes sèches, sans gluten, cuites, non salées	Dried pasta, gluten-free, cooked, unsalted	03	163.0	3.09	34.4	1.1	0.49	1.0	0.015	0.29
9863	Pâtes ou nouilles asiatiques au blé et aux oeufs, crues, nature	Asian noodles, flavoured, dehydrated	03	371.0	11.9	71.0	3.0	0.5	4.0	0.99	1.0
9870	Pâtes sèches, au blé complet, crues	Dried pasta, wholemeal, raw	03	353.0	11.8	67.6	2.2	1.8	6.1	0.016	0.38
9871	Pâtes sèches, au blé complet, cuites, non salées	Dried pasta, wholemeal, cooked, unsalted	03	128.0	4.55	23.4	0.9	0.6	3.3	0.005	0.099
9874	Pâtes sèches, sans gluten, crues	Dried pasta, gluten-free, raw	03	356.0	6.17	79.0	1.24	0.38	1.22	0.0078	0.24
9875	Pâtes, sans gluten, à base de riz et maïs, cuites à l'eau, non salées	Rice-maize based pasta, gluten-free, boiled	03	170.0	3.15	36.6	0.8	0	1.3	0.006	0.35
9876	Pâtes, sans gluten, à base de lentilles corail, cuites à l'eau, non salées	Lens based pasta, gluten-free, boiled	03	168.0	11.7	25.1	0.8	1.03	4.9	0.006	0.16
9900	Vermicelle de riz, sèche	Rice noodle, dried	03	365.0	7.44	80.5	1.0	0.0	1.2	0.03	0.3
9901	Vermicelle de riz, cuite, non salée	Rice noodle, cooked, unsalted	03	89.3	1.43	20.1	0.25	0.1	0.25	0.024	0.005
9902	Vermicelle de soja, sèche	Soy vermicelli or soy noodle, dried	03	344.0	0.285	84.7	0.14	1.38	1.6	0.039	0.0
9903	Vermicelle de soja, cuite, non salée	Soy noodle, cooked, unsalted	03	61.2	0.285	14.4	0.1		0.8	0.0063	
10001	Calmar ou calamar ou encornet, cru	Squid, raw	04	77.0	14.4	2.17	1.19	0.0	0.0	0.61	0.28
10002	Calmar ou Calamar ou encornet, à la romaine (beignet)	Squid fritter, Roman-style	04	252.0	8.69	21.2	14.4	2.58	1.66	2.13	1.77
10003	Coquille Saint-Jacques, noix et corail, crue	Scallop, with coral, raw	04	83.0	17.0	0.78	1.31	0.5	0.0	0.48	0.19
10004	Coquille Saint-Jacques, noix et corail, cuite	Scallop, with coral, cooked	04	110.0	20.2	3.22	1.77	0.3	0.0	0.46	0.32
10005	Crabe, miettes et ou pattes décortiquées, appertisé, égoutté	Flaked crab and/or decorticated crab leg, canned, drained	04	111.0	14.8	8.72	1.8	0.6	0.165	1.59	0.23
10006	Crevette grise, cuite	Shrimp, cooked	04	89.9	18.3	1.47	1.2		0.0	1.15	0.31
10007	Crevette, cuite	Shrimp or prawn, cooked	04	93.8	19.0	1.87	1.16	0.125	0.0	1.35	0.31
10008	Escargot, cru	Snail, raw	04	77.9	16.1	1.29	0.92	0.0	0.0	0.35	0.19
10009	Homard, bouilli/cuit à l'eau	Lobster, boiled/cooked in water	04	90.9	19.6	0.11	1.32	0.0	0.0	0.9	0.21
10010	Homard, cru	Lobster, raw	04	85.5	17.9	0.94	1.15	0.0	0.0	0.9	0.13
10011	Huître, sans précision, crue	Oyster, raw	04	67.2	8.64	3.86	1.91	0	0.0	1.45	0.34
10012	Langoustine, panée, frite	Scampi, breaded, fried	04	282.0	10.9	29.0	13.6	0	0	1.65	1.5
10013	Moule, bouillie/cuite à l'eau	Mussel, boiled/cooked in water	04	108.0	17.2	5.12	2.09		0.0	0.8	0.37
10014	Moule commune, crue	Mussel, common, raw	04	71.8	11.2	2.69	1.82	0.0	0.0	0.85	0.45
10015	Langouste, crue	Spiny lobster, raw	04	86.9	17.7	1.07	1.34	0.0	0.0	0.45	0.25
10016	Seiche, crue	Cuttlefish, raw	04	76.3	16.2	0.51	1.05	0.0	0.0	0.93	0.35
10017	Clam, Praire ou Palourde, cru	Clam, raw	04	80.5	11.5	2.66	2.65	0.16	0.0	0.82	0.21
10018	Poulpe, cru	Octopus, common, raw	04	60.1	12.9	0.97	0.5	0.0	0.0	0.68	0.16
10019	Bulot ou Buccin, cru	Whelk, raw	04	131.0	23.8	7.61	0.57	0.0	0.0	0.52	0.031
10020	Bulot ou Buccin, cuit	Whelk, cooked	04	97.7	20.7	2.69	0.47	0	0.0	0.97	0.072
10021	Crevette, crue	Shrimp or prawn, raw	04	99.0	19.7	3.21	0.84	0.0	0.0	0.45	0.19
10022	Langouste, bouillie/cuite à l'eau	Spiny lobster, boiled/cooked in water	04	106.0	21.8	1.3	1.52	0.0	0.0	0.46	0.26
10023	Beignet de crevette	Shrimp fritters	04	222.0	6.5	26.0	10.0	11.0	1.0	1.9	0.5
10024	Langoustine, crue	Norway lobster, raw	04	89.8	19.1	1.53	0.79	0.0	0.0	0.72	0.21
10025	Crabe ou Tourteau, bouilli/cuit à l'eau	Crab, boiled/cooked in water	04	124.0	19.5	1.79	4.29	0.0	0.0	1.23	0.55
10026	Moule de Méditerranée, crue	Mediterranean mussel, raw	04	68.7	10.7	2.77	1.67		0.0		
10027	Clam, Praire ou Palourde, bouilli/cuit à l'eau	Clam, boiled/cooked in water	04	99.2	16.2	5.33	1.48	0.0	0.0	1.56	0.14
10028	Moule, appertisée, égouttée	Mussel, canned, drained	04	102.0	14.6	5.93	2.2	0.5	0.0	1.6	0.54
10030	Écrevisse, crue	Crayfish, raw	04	68.3	14.8	0.81	0.64	0.0	0.0	0.39	0.11
10031	Écrevisse, cuite	Crayfish, cooked	04	73.5	16.3	0.56	0.7	0.125	0.0	0.21	0.17
10035	Huître creuse, crue	Pacific oyster, raw	04	67.2	8.64	3.86	1.91	0.0	0.0	1.41	0.34
10036	Huître plate, crue	European oyster, raw	04	53.5	10.2	1.16	0.9	0.0	0.0	1.28	0.17
10037	Calmar ou calamar ou encornet, bouilli/cuit à l'eau	Squid, boiled/cooked in water	04	149.0	32.5	1.64	1.4		0.0	1.86	0.24
10038	Crevette, surgelée, crue	Shrimp, frozen, raw	04	105.0	23.4	0.74	0.9		0.25	0.6	0.17
10039	Crabe, cru	Crab, raw	04	104.0	19.5	0.027	2.86	0.0	0.0	0.69	0.47
10041	Ormeau, cru	Abalone or ormer or sea ear, raw	04	99.6	14.4	8.69	0.83	0.0	0.0	0.47	0.15
10042	Escargot en sauce au beurre persillé, préemballé, cuit	Snail in parsley butter, prepacked, cooked	04	277.0	12.9	2.26	23.7	1.02	1.69	1.66	14.8
10043	Fruits de mer (aliment moyen)	Crustacean or mollusk (average)	04	104.0	18.9	3.06	1.76	0.12	0.00092	1.1	0.35
10045	Coquille Saint-Jacques, noix, crue	Scallop, without coral, raw	04	83.6	17.9	1.15	0.84	0.0	0.0	0.34	0.094
10048	Pecten d'Amérique ou Peigne du canada, noix, crue	American or Canadian sea scallop, without coral, raw	04	81.3	17.3	1.78	0.54		0.0		
10049	Pétoncle ou Peigne du Pérou, noix, crue	Peru sea scallop, without coral, raw	04	88.7	17.5	3.1	0.7	0.0	0.0	0.38	0.3
10059	Crevette rose, crue	deep water pink shrimp, raw	04	92.3	21.9	0.0	0.53		0.0	0.3	0.11
10079	Poulpe, cuit	Octopus, common, cooked	04	156.0	29.8	4.4	2.08	0.0	0.0	1.15	0.45
10080	Fruits de mer, cuits, surgelés	Seafood, cooked, frozen	04	79.5	13.5	2.83	1.57	0.0	0.0	0.99	0.45
10081	Moules à la sauce catalane ou escabèche (tomate), appertisée, égouttée	Mussels, in Catalan-style sauce or marinade (tomatoes), canned, drained	04	145.0	12.5	5.0	7.9	3.7	2.0	1.73	0.91
10082	Moules marinières (oignons et vin blanc)	Mussels, in a shallot and white wine broth	01	92.0	10.3	7.43	2.24	1.05	0.53	0.69	0.99
10083	Moules farcies (matière grasse, persillade…), préemballées, crues	Mussels, filled (fat, parsley and garlic…), prepacked	01	284.0	9.56	4.43	24.8	0.3	1.26	1.08	16.6
10084	Calmar ou calamar ou encornet, frit ou poêlé avec matière grasse	Squid, fried or pan-fried with fat	04	173.0	17.9	8.45	7.48		0.0	0.77	1.88
10099	Escargot, sans matière grasse ajoutée, cuit	Snail, without added fat, cooked	04	80.0	16.6	0.23	1.4	0.15	0.0	0.27	0.31
11000	Ail, cru	Garlic, fresh	10	111.0	5.31	18.6	0.25	1.2	5.8	0.023	0.005
11001	Bouillon de boeuf, déshydraté	Broth, stock or bouillon, beef, dehydrated	10	240.0	10.2	19.7	13.3	3.95	0.65	33.0	7.03
11002	Cerfeuil, frais	Chervil, fresh	10	39.9	3.72	3.63	0.6	0.6	2.55	0.038	0.22
11003	Ciboule ou Ciboulette, fraîche	Chive or spring onion, fresh	10	29.7	2.57	2.1	0.52	1.75	3.19	0.028	0.15
11004	Cornichon, au vinaigre	Gherkin, pickled in vinegar	10	19.4	1.06	0.78	0.3	0.6	1.5	1.72	0.005
11005	Curry, poudre	Curry, powder	10	301.0	14.5	2.63	14.0	2.63	53.2	0.13	1.65
11006	Gingembre, poudre	Ginger, powder	10	335.0	8.98	58.3	4.24	3.39	14.1	0.068	2.6
11007	Gélatine, sèche	Gelatine, dried	10	348.0	86.9	0.0	0.1		0.0	0.75	0.036
11008	Ketchup, préemballé	Ketchup, prepacked	10	99.0	1.27	21.4	0.19	20.8	1.15	2.59	0.069
11009	Levure alimentaire	Nutritional yeast	10	334.0	40.4	21.8	4.5	2.5	22.5	0.35	0.7
11013	Moutarde	Mustard	10	152.0	6.92	4.33	11.2	1.66	0.5	6.3	0.76
11014	Persil, frais	Parsley, fresh	10	43.0	3.71	3.48	0.63	0.95	4.3	0.59	0.1
11015	Poivre noir, poudre	Black pepper, powder	10	330.0	13.3	39.5	7.5	0.64	25.7	0.036	2.9
11017	Sel blanc alimentaire, non iodé, non fluoré (marin, ignigène ou gemme)	Salt, white (sea, igneous or rock), no enrichment	10	0.0	0.0	0.0	0.0	0.0	0.0	97.8	0.0
11018	Vinaigre	Vinegar	10	22.6	0.04	0.62	0.1	0.04	0.0	0.033	0.0
11019	Poivre blanc, poudre	White pepper, powder	10	310.0	11.4	48.3	2.11		26.2	0.013	0.63
11021	Moutarde à l'ancienne	Mustard, with grains	10	142.0	6.6	2.2	9.9	2.2	4.5	4.9	0.61
11023	Ail séché, poudre	Garlic, powder, dried	10	344.0	16.7	62.8	0.77	2.43	9.45	0.11	0.2
11024	Persil, séché	Parsley, dried	10	291.0	29.0	16.8	5.34	7.27	29.7	1.05	1.38
11025	Cannelle, poudre	Cinnamon, powder	10	243.0	3.87	27.5	1.22	2.17	53.1	0.025	0.44
11026	Coriandre, graine	Coriander, seed	10	346.0	12.4	13.0	17.8		41.9	0.088	0.97
11027	Menthe, fraîche	Mint, fresh	10	57.6	3.52	5.3	0.84	5.3	7.4	0.076	0.22
11029	Menthe, séchée	Mint, dried	10	283.0	19.9	22.2	6.03		29.8	0.86	1.58
11032	Basilic, séché	Basil, dried	10	244.0	23.0	10.1	4.07	1.71	37.7	0.19	2.16
11033	Basilic, frais	Basil, fresh	10	34.8	3.35	2.55	0.47	0.37	3.47	0.028	0.13
11034	Marjolaine, séchée	Marjoram, dried	10	276.0	12.7	20.3	7.04	4.09	40.3	0.19	0.53
11035	Origan, séché	Oregano, dried	10	265.0	9.0	26.4	4.28	4.09	42.5	0.063	1.55
11036	Romarin, séché	Rosemary, dried	10	328.0	4.88	21.5	15.2		42.6	0.13	7.37
11037	Sauge, séchée	Sage, dried	10	320.0	10.6	20.4	12.8	1.71	40.3	0.028	7.03
11038	Thym, séché	Thyme, dried	10	285.0	9.11	26.9	7.43	1.71	37.0	0.14	2.73
11039	Safran	Saffron	10	352.0	11.4	61.5	5.85	42.4	3.9	0.37	1.59
11042	Cumin, graine	Cumin, seed	10	427.0	17.8	33.7	22.3	2.25	10.5	0.42	1.54
11044	Sel au céleri	Celery salt	10	49.0	1.81	4.14	2.53	0.0	1.19	87.5	
11048	Noix de muscade	Nutmeg	10	507.0	5.3	28.5	36.3	2.99	20.8	0.04	25.9
11049	Paprika	Paprika	10	319.0	14.1	19.1	12.9	10.3	34.9	0.17	2.14
11052	Clou de girofle	Cloves	10	335.0	5.97	31.6	13.0	2.38	33.9	0.69	3.95
11053	Laurier, feuille	Bay, leaves	10	353.0	7.61	48.6	8.36	48.6	26.3	0.058	2.28
11056	Quatre épices	Mix of 4 spices	10	348.0	6.09	50.5	8.69		21.6	0.19	2.55
11058	Sel blanc alimentaire, iodé, non fluoré (marin, ignigène ou gemme)	Salt, white (sea, igneous or rock), iodine added, no other enrichment	10	0.0	0.0	0.0	0.0	0.0	0.0	97.8	
11060	Herbes de Provence, séchées	Provence herbs, dried	10	283.0	11.5	23.0	7.2	18.5	40.1	0.088	1.88
11061	Pavot, graine	Poppy, seed	10	551.0	19.7	13.7	43.1	2.99	14.8	0.059	4.69
11062	Sarriette, séchée	Savory, dried	10	264.0	6.73	23.0	5.91		45.7	0.06	3.26
11064	Carvi, graine	Caraway, seed	10	334.0	19.8	11.9	14.6	0.64	38.0	0.043	0.62
11065	Vanille, extrait alcoolique	Vanilla, alcoholic extract	10	240.0	0.05	2.41	0.0		0.0	0.01	
11066	Fenouil, graine	Fennel, seed	10	326.0	15.7	12.5	14.9	12.5	39.8	0.22	0.48
11068	Romarin, frais	Rosemary, fresh	10	121.0	3.31	6.6	5.86		14.1	0.065	2.84
11069	Sauge, fraîche	Sage, fresh	10	36.7	4.0	0.97	0.25	0.3	7.0	0.028	0.005
11070	Thym, frais	Thyme, fresh	10	107.0	5.56	10.5	1.68		14.0	0.023	0.47
11074	Gingembre, racine crue	Ginger, raw	10	32.9	1.1	3.4	1.1	1.0	2.7	0.016	0.09
11075	Cardamome, poudre	Cardamom, powder	10	321.0	10.8	40.5	6.7		28.0	0.045	
11077	Fenugrec, graine	Fenugreek, seed	10	350.0	27.1	33.8	6.41	8.7	24.6	0.17	1.46
11080	Herbes aromatiques fraîches (aliment moyen)	Herbs, fresh (average)	10	49.4	3.58	4.15	0.8	1.99	5.64	0.28	0.2
11081	Epice (aliment moyen)	Spice (average)	10	346.0	12.3	37.7	10.4	2.14	25.9	0.048	4.84
11082	Fleur de sel, non iodée, non fluorée	Pure sea salt, no enrichment	10	0.0	0.0	0.0	0.0	0.0	0.0	94.3	
11083	Sel marin gris, non iodé, non fluoré	Sea salt, grey, no enrichment	10	0.0	0.0	0.0	0.0	0.0	0.0	80.5	
11088	Poivre de Cayenne ou piment de Cayenne	Cayenne pepper	10	376.0	12.0	29.4	17.3	10.3	27.2	0.075	3.26
11089	Curcuma, poudre	Turmeric, powder	10	291.0	9.68	44.4	3.25	3.21	22.7	0.068	1.84
11091	Vinaigre balsamique	Vinegar, balsamic	10	125.0	0.69	25.8	0.3	19.1	0.5	0.068	0.0
11092	Estragon, frais	Tarragon, fresh	10	44.0	3.8	4.1	0	1.2	6.2	0.025	0.6
11093	Aneth, frais	Dill, fresh	10	48.2	3.93	3.9	1.1	1.2	3.5	0.15	0.27
11094	Coriandre, fraiche	Coriander, fresh	10	22.3	2.13	0.87	0.52	0.87	2.8	0.12	0.014
11096	Sel blanc alimentaire, iodé, fluoré à 25 mg /100 g (marin, ignigène ou gemme)	Salt, white (sea, igneous or rock), iodine added, fluoride added 25 mg/100 g	10	0.0	0.0	0.0	0.0	0.0	0.0	97.8	
11097	Cornichon, aigre-doux	Gherkin, in sweet and sour sauce	10	36.0	1.25	5.0	0.35	4.0	1.5	1.1	0.0
11098	Vanille, extrait aqueux	Vanilla, aqueous extract	10	57.7	0.03	14.4	0.0	14.4	0.0	0.0075	0.0
11100	Sauce barbecue, préemballée	Barbecue sauce, prepacked	10	136.0	0.56	30.3	0.6	27.5	1.2	1.77	0.1
11104	Sauce soja, préemballée	Soy sauce, prepacked	10	45.5	7.08	3.64	0.1	1.32	0.86	18.6	0.0085
11132	Sauce au curry, préemballée	Curry sauce, prepacked	10	77.4	1.02	10.6	3.16	5.83	1.28	1.12	2.11
11169	Fond de veau pour sauces et cuisson, déshydraté	Veal stock for sauce and cooking, dehydrated	10	343.0	8.5	59.5	7.4	22.3	2.1	16.7	3.22
11170	Sauce basquaise ou Sauce aux poivrons, préemballée	Basque-style sauce or tomato sauce with sweet peppers, prepacked	10	63.1	1.17	7.41	2.71	4.46	2.09	1.13	0.49
11171	Fond de volaille pour sauces et cuisson, déshydraté	Poultry stock for sauce and cooking, dehydrated	10	341.0	7.4	66.3	4.9	13.6	1.3	12.5	1.65
11172	Court-bouillon pour poissons, déshydraté	Aromatic stock cube, for fish, dehydrated	10	260.0	5.0	7.0	23.0	4.5	2.5	47.5	16.0
11174	Bouillon de volaille, déshydraté	Broth, stock or bouillon, poultry, dehydrated	10	233.0	11.3	20.8	11.5	5.38	0.58	49.6	6.75
11175	Gelée au madère, déshydratée	Madeira wine aspic, dehydrated	10	248.0	44.5	17.0	0.2	1.25	0.1	28.6	0.1
11176	Gelée au madère	Madeira wine aspic	10	11.3	2.0	0.8	0.01	0.1	0.004	1.48	0.004
11179	Sauce pesto, préemballée	Sauce, pesto, prepacked	10	370.0	3.94	6.6	35.4	3.2	2.5	2.64	4.39
11194	Sauce Nuoc Mâm ou Sauce au poisson, préemballée	Nuoc mam sauce or fish sauce, prepacked	10	81.2	9.3	10.9	0.0	8.34	0.2	22.2	0.0
11215	Caviar de tomates	Tomato caviar (a seasonned tomato puree)	10	218.0	2.19	6.8	19.2	6.5	3.5	2.09	1.88
11217	Sauce pour nems à base de nuoc-mam dilué, préemballée	Sauce for fried spring rolls, nuoc mam based	10	135.0	1.38	31.2	0.25	30.9	0.125	4.29	0.005
11219	Sauce végétale type bolognaise, préemballée	Sauce, veggie, bolognese-type	10	68.0	3.56	5.05	3.0	5.05	2.46	0.77	0.48
11220	Vinaigre de vin rouge	Vinegar from red wine	10	21.6	0.25	0	0.0	0	0.0	0.013	
11300	Sauce au chocolat, préemballée	Chocolate sauce, prepacked	10	277.0	3.8	26.2	16.8	24.1	3.0	0.13	10.9
11304	Fond de veau, préemballé	Veal stock, prepacked	10	40.9	3.15	2.4	2.05	0.7	0.1	1.1	1.0
11306	Ail, rôti/cuit au four	Garlic, roasted/baked	10	127.0	5.56	23.8	0.25	1.4	2.7	0.006	0.005
11307	Ail, sauté/poêlé, sans matière grasse	Garlic, sautéed/pan-fried, without fat	10	130.0	6.0	22.0	0.4	1.0	5.8	0.006	0.2
11506	Édulcorant à l'aspartame, en pastilles	Aspartame sweetener, in tablets	07	216.0	6.35	69.3	0.0	6.65	2.2	0.82	0.0
11507	Bicarbonate de soude	Sodium bicarbonate	10	0.4	0.1	0.0	0.0	0.0	0.0		0.0
12001	Camembert, sans précision	Camembert cheese, from cow's milk	05	280.0	19.5	0	22.5	0	0.0	1.45	15.8
12003	Fromage à pâte molle et croûte fleurie (type camembert)	Soft-ripened cheese with bloomy rind (Camembert-type cheese)	05	359.0	17.5	0	32.3		0.0	1.18	
12006	Camembert au lait cru	Camembert cheese, from cow's milk, from raw milk	05	267.0	20.7	0	20.3	0.1	0.0	1.45	14.1
12008	Fromage à pâte molle et croûte fleurie double crème environ 30% MG	Soft-ripened cheese, double cream, around 30% fatwith bloomy rind	05	333.0	17.5	0	29.4		0.0	1.28	18.5
12009	Fromage rond à pâte molle et croûte fleurie 5 à 11% MG type camembert allégé en matière grasse	Soft-ripened round cheese with bloomy rind, 5 to 11% fat, Camembert-type cheese, reduced fat	05	173.0	22.6	0	9.3	0	0.0	1.44	6.8
12010	Coulommiers	Coulommiers cheese, from cow's milk	05	279.0	18.8	0	22.8	0.0	0.0	1.37	15.8
12012	Fromage rond à pâte molle et croûte fleurie environ 11% MG type coulommiers allégé en matière grasse	Soft-ripened round cheese with bloomy rind, around 11% fat, Coulommiers-type cheese, reduced fat	05	187.0	22.5	0	11.0	0.0	0.0	0.9	7.9
12013	Fromage rond à pâte molle et croûte fleurie environ 5% MG type camembert allégé en matière grasse	Soft-ripened round cheese with bloomy rind, around 5% fat, Camembert-type cheese, reduced fat	05	150.0	25.7	0	5.5		0.0		
12020	Brie, sans précision	Brie cheese, from cow's milk	05	297.0	17.3	0	25.5	0.0	0.0	1.51	16.3
12021	Brie de Meaux	Brie de Meaux cheese, from cow's milk	05	271.0	21.4	0	20.7	0.1	0.0	2.02	14.5
12022	Brie de Melun	Brie de Melun cheese, from cow's milk	05	288.0	22.0	0	22.2	0.1	0.0	1.89	15.2
12025	Carré de l'Est	Carré de l'Est cheese, from cow's milk	05	327.0	21.4	0	27.0	0.0	0.0	1.58	19.0
12028	Chaource	Chaource cheese, from cow's milk	05	276.0	17.3	0	22.9	0.1	0.0	1.9	15.8
12029	Maroilles laitier	Maroilles "laitier" cheese	05	338.0	22.3	0	27.8		0.0	1.87	17.5
12030	Maroilles fermier	Maroilles "fermier" cheese	05	349.0	21.2	0	29.5		0.0	2.07	17.3
12031	Neufchâtel	Neufchâtel cheese, from cow's milk	05	287.0	18.5	0	23.9		0.0	1.87	20.0
12033	Fromage à pâte molle triple crème environ 40% MG	Soft-ripened cheese, triple cream, around 40% fat	05	376.0	9.89	0	37.5	0.0	0.0	1.09	25.1
12034	Fromage à pâte molle et croûte lavée (aliment moyen)	Soft-ripened cheese, washed rind (average)	05	320.0	20.6	0.0	26.5	0.021	0.0	1.66	17.6
12035	Fromage à pâte molle et croûte lavée, allégé environ 13% MG	Soft-ripened washed-rind cheese, reduced fat, around 13% fat	05	198.0	21.6	0	12.6		0.0	1.63	8.08
12036	Maroilles, sans précision	Maroilles cheese, from cow's milk	05	325.0	21.9	0	26.4	0.1	0.0	2.09	18.1
12037	Livarot	Livarot cheese, from cow's milk	05	301.0	24.6	0	22.6	0.1	0.0	1.5	15.3
12038	Époisses	Époisses cheese, from cow's milk	05	290.0	17.8	0	24.5	0.015	0	1.76	17.1
12039	Munster	Munster cheese, from cow's milk	05	344.0	21.2	0	29.0	0.0	0.0	1.78	18.8
12040	Langres	Langres cheese, from cow's milk	05	281.0	16.7	0	23.8	0.1	0	0.99	16.9
12042	Pont l'Évêque	Pont l'Evêque cheese, from cow's milk	05	326.0	22.7	0	26.2	0.1	0.0	1.3	18.2
12045	Reblochon	Reblochon cheese, from cow's milk	05	326.0	20.4	0	27.4	0.0	0.0	1.27	18.8
12047	Fromage à pâte molle à croûte lavée, au lait pasteurisé (type Vieux Pané)	Soft-ripened washed-rind cheese, from pasteurised milk (Vieux pané-type cheese)	05	311.0	20.3	0	25.7	0	0.0	1.57	17.4
12049	Saint-Marcellin	Saint-Marcellin cheese, from cow's milk	05	280.0	15.1	0	24.3	0.1	0.0	1.08	18.1
12050	Fromage à pâte molle et croûte mixte (lavée et fleurie) colorée	Soft -ripened washed, bloomy and coloured rind cheese	05	332.0	18.2	0	29.0	0.0	0.0		18.5
12051	Mont d'or ou Vacherin du Haut-Doubs (produit en France) ou Vacherin-Mont d'Or (produit en Suisse)	Vacherin cheese or Mont d'or cheese, from cow's milk	05	302.0	18.9	0	25.4	0	0.0	1.38	16.3
12052	Saint-Félicien	Saint-Felicien cheese, from cow's milk	05	281.0	13.4	0	25.2	0.0	0.0	1.28	18.0
12060	Fromage type feta, au lait de vache	Feta-type cheese from cow's milk	05	270.0	16.4	1.42	21.7	1.42	0.0	1.94	14.6
12063	Fromage type feta, au lait de vache, à l'huile et aux aromates	Feta-type cheese from cow's milk, in oil and spices	05	283.0	17.6	0.16	23.4	0.1	0.0	2.52	13.2
12064	Boulette d'Avesne	Boulette d'Avesnes cheese	05	355.0	20.9	0	30.0	0	0.0	1.99	19.8
12066	Feta AOP	Feta cheese, PDO	05	285.0	15.1	0.65	24.3	0	0.0	2.27	16.8
12100	Fromage à pâte pressée cuite (aliment moyen)	Hard cheese (average)	05	390.0	28.0	0.0	30.8	0.0086	0.0	0.8	20.1
12105	Beaufort	Beaufort cheese, from cow's milk	05	410.0	26.5	0	34.0	0.0	0.0	1.27	19.2
12110	Comté	Comté cheese, from cow's milk	05	418.0	27.2	0	34.6	0	0.0	0.8	22.5
12112	Abondance	Abondance cheese, from cow's milk	05	393.0	27.1	0	31.6	0.1	0.0	1.73	20.1
12113	Gruyère IGP France	Gruyere cheese, France, Protected Geographical Indication, from cow's milk	05	396.0	27.3	0	32.0	0.0	0.0	0.95	20.1
12114	Gruyère	Gruyere cheese, from cow's milk	05	423.0	28.4	0	34.6	0.0	0.0	0.8	19.8
12115	Emmental ou emmenthal	Emmental cheese, from cow's milk	05	373.0	27.9	0	28.8	0	0.0	0.61	19.7
12116	Fromage à pate pressée cuite type emmental ou emmenthal, allégé en matière grasse	Hard cheese, emmental-type cheese, reduced fat	05	282.0	30.6	0	18.0	0.0	0.0	1.0	8.5
12118	Emmental ou emmenthal râpé	Emmental cheese, grated, from cow's milk	05	367.0	28.1	0	28.6	0.125	0.0	0.75	18.1
12119	Ossau-Iraty	Ossau-Iraty cheese, from ewe's milk	05	428.0	24.2	0	37.0	0.0	0.0	1.68	24.4
12120	Parmesan	Parmesan cheese, from cow's milk	05	406.0	31.1	0	31.0	0	0.0	1.57	20.6
12121	Fontina	Fontina cheese, from cow's milk	05	381.0	25.6	0	31.1	0.0	0.0	2.0	19.2
12123	Grana Padano	Grana Padano cheese, from cow's milk	05	396.0	34.1	0	29.2	0.125	0.0	1.56	19.5
12300	Fromage fondu en tranchettes	Processed cheese, in slices	05	246.0	14.1	5.34	18.5	4.95	0.0	2.46	12.3
12310	Fromage fondu en portions ou en cubes environ 20% MG	Processed cheese, around 20% fat, in wedges or cubes	05	242.0	10.7	6.38	19.3	0	0.0	1.59	12.9
12315	Spécialité fromagère non affinée environ 25% MG, type fromage en barquette à tartiner ou coque fromagère	Uncured soft cheese, spreadable, around 25% fat, in a tub	05	255.0	5.36	4.24	23.9	2.82	0.0	1.1	16.4
12320	Fromage fondu double crème, environ 31% MG	Processed cheese, double cream, around 31% fat	05	311.0	9.06	1.78	29.6	1.78	0.0	1.37	20.1
12325	Cancoillotte (spécialité fromagère fondue)	Cancoillotte (processed cheese), from cow's milk	05	151.0	13.8	0.5	10.5	0	0.0	1.73	7.06
12500	Roquefort	Roquefort cheese, from ewe's milk	05	384.0	19.5	0	33.9	0	0.0	3.22	24.9
12519	Fourme de Montbrison	Fourme de Montbrison cheese	05	365.0	22.5	0	30.8	0.0	0.0	1.63	20.5
12520	Fromage bleu au lait de vache	Blue cheese, from cow's milk	05	333.0	19.9	0	28.3	0.125	0.0	2.89	17.7
12521	Fromage bleu d'Auvergne	Auvergne blue cheese, from cow's milk	05	343.0	22.4	0	28.4	0.0	0.0	2.85	19.0
12522	Fourme d'Ambert	Fourme d'Ambert cheese, from cow's milk	05	326.0	19.9	0	27.6	0.0	0.0	2.2	18.0
12523	Fromage bleu des Causses	Causses blue cheese, from cow's milk	05	350.0	20.4	0	30.0	0.0	0.0	3.3	19.0
12524	Gorgonzola	Gorgonzola cheese, from cow's milk	05	312.0	19.0	0	26.4	0.15	0.0	1.77	16.9
12526	Bleu de Gex ou Fromage bleu du Haut-jura ou Bleu de septmoncel (AOC)	Gex blue cheese, or Jura blue cheese or Septmoncel blue cheese, from cow's milk	05	364.0	22.5	0	30.7	0	0.0	1.44	20.2
12527	Fromage bleu de Bresse	Bresse blue cheese, from cow's milk	05	342.0	17.4	0	30.5	0.0	0.0	1.58	19.4
12528	Fromage bleu de Bresse allegé environ 15% MG	Bresse blue cheese, from cow's milk, reduced fat, around 15% fat	05	246.0	27.1	0	15.5	0.0	0.0	2.05	
12705	Fromage à pâte ferme environ 14% MG type Masdaam à teneur réduite en MG	Firm cheese, around 14% fat, Maasdam-type cheese, reduced fat	05	238.0	29.0	0	13.8	0.0	0.0	2.06	8.9
12716	Provolone	Provolone cheese, from cow's milk	05	340.0	25.6	0	26.6	0.0	0.0	2.19	17.1
12720	Fromage à pâte ferme, enrobé de cire	Firm cheese in wax casing	05	303.0	21.7	0	23.7	0	0.0	1.7	16.3
12722	Cantal entre-deux	Cantal cheese, half matured, from cow's milk	05	383.0	26.6	0	30.5	0	0.0	1.85	19.9
12723	Cantal, Salers ou Laguiole	Cantal, Salers or Laguiole cheese, from cow's milk	05	378.0	25.3	0	31.0	0.25	0.0	2.15	24.2
12725	Salers	Salers cheese, from cow's milk	05	388.0	25.9	0	31.4	0.1	0.0	2.19	20.0
12726	Cheddar	Cheddar cheese, from cow's milk	05	399.0	24.0	0	33.8	0.0	0.0	1.61	19.5
12729	Edam	Edam cheese, from cow's milk	05	329.0	25.5	0	25.5	0.125	0.0	2.22	16.9
12735	Mimolette jeune	Mimolette cheese, young, from cow's milk	05	331.0	28.9	0	24.2	0.0	0.0		17.4
12736	Gouda	Gouda cheese, from cow's milk	05	374.0	23.2	0	31.5	0.125	0.0	2.0	20.3
12737	Mimolette demi-vieille	Mimolette cheese, half-old, from cow's milk	05	365.0	31.5	0	26.9	0.0	0.0		18.1
12738	Mimolette vieille	Mimolette cheese, old, from cow's milk	05	397.0	34.0	0	28.8	0.1	0.0	3.68	19.0
12740	Mimolette, sans précision	Mimolette cheese, from cow's milk	05	308.0	24.9	0	23.4	0.125	0.0	2.84	16.8
12741	Fromage à pâte ferme environ 27% MG type Maasdam	Firm cheese, around 27% fat, Maasdam-type cheese	05	359.0	25.5	0	28.4	0	0.0	1.29	19.5
12742	Mimolette extra-vieille	Mimolette cheese, extra old, from cow's milk	05	387.0	33.9	0	28.2	0.0	0.0		19.3
12743	Morbier	Morbier cheese, from cow's milk	05	355.0	22.8	0	29.2	0	0.0	1.41	19.2
12747	Fromage de brebis des Pyrénées	Pyrénées cheese, from ewe's milk	05	397.0	24.1	0	33.6	0.0	0.0	1.62	20.7
12748	Saint-Nectaire, laitier	Saint-Nectaire cheese, from cow's milk, milks collected in many farms	05	332.0	22.8	0	27.0	0.25	0.0	1.7	17.8
12749	Raclette (fromage)	Raclette cheese, from cow's milk	05	342.0	23.4	0	27.5	0	0.0	1.69	18.5
12751	Saint-Nectaire, fermier	Saint-Nectaire cheese, from cow's milk, milk collected in an unique farm	05	355.0	22.3	0	29.8	0.25	0.0	1.08	19.8
12752	Saint-Nectaire, sans précision	Saint-Nectaire cheese, from cow's milk	05	344.0	22.5	0	28.4	0.25	0.0	1.41	18.8
12755	Saint-Paulin (fromage à pâte pressée non cuite demi-ferme)	Saint-Paulin cheese, from cow's milk (semi-hard cheese)	05	327.0	22.3	0	26.4	0	0.0	1.61	17.9
12758	Tomme ou tome de vache	Tomme cheese, from cow's milk	05	350.0	21.6	0	29.4	0	0.0	1.28	19.4
12759	Tomme ou tome de montagne ou de Savoie	Tomme cheese, from mountain or Savoy	05	364.0	25.6	0	29.1	0.1	0.0	1.23	19.8
12760	Tomme ou tome, allégée en matière grasse, environ 13% MG	Tomme cheese, reduced fat, around 13% fat	05	231.0	31.0	0	12.1	0.0	0.0	1.84	8.44
12761	Asiago	Asiago cheese, from cow's milk	05	356.0	32.1	0	25.6	0.0	0.0	1.9	15.9
12762	Fromage de brebis Corse à pâte molle	Corsica soft ripened cheese, from ewe's milk	05	457.0	28.5	0	38.4	0.0	0.0	2.39	25.7
12763	Tome des Bauges	Tomme cheese (PDO) from the French Bauges munntains	05	381.0	26.6	0	30.8	0.0	0.0	1.15	19.0
12801	Fromage de chèvre lactique affiné, au lait cru (type Crottin de Chavignol, Picodon, Rocamadour, Sainte-Maure de Touraine)	Cheese, from goat's milk, from raw milk	05	324.0	20.7	0	27.0		0.0	1.28	18.7
12802	Fromage de chèvre lactique affiné, au lait pasteurisé (type bûchette ou crottin)	Cheese, from goat's milk, from pasteurised milk	05	300.0	19.8	0	24.7	0.0	0.0	1.23	16.9
12803	Fromage de chèvre lactique affiné (type bûchette, crottin, Sainte-Maure)	Cheese, from goat's milk	05	315.0	20.4	0	26.2	0.0	0.0	1.69	18.0
12807	Sainte-Maure de Touraine (fromage de chèvre)	Goat cheese from raw milk	05	294.0	19.6	0	24.2		0.0	1.41	18.7
12810	Fromage de chèvre demi-sec	Cheese, semi-dry, from goat's milk	05	353.0	21.6	0	29.8	0.0	0.0	1.81	20.6
12812	Fromage de chèvre bûche	Cheese, buche, from goat's milk	05	285.0	18.8	0	23.3	0	0.0	1.58	16.2
12813	Fromage de chèvre bûche, allégé en matière grasse	Cheese, buche, from goat's milk, light	05	179.0	22.6	0	10.0	0.0	0.0	1.24	6.8
12814	Fromage de chèvre à pâte molle non pressée non cuite croûte naturelle, au lait pasteurisé	Soft-ripened cheese, from goat's milk, from pasteurised milk	05	279.0	19.3	0	22.6	0.0	0.0	1.56	17.4
12815	Fromage de chèvre sec	Cheese, dry, from goat's milk	05	440.0	30.5	0	35.6		0.0	1.06	24.6
12820	Fromage de chèvre à pâte molle et croûte fleurie type camembert	Soft-ripened cheese with bloomy rind, from goat's milk, Camembert-type cheese	05	292.0	19.9	0	23.8	0.025	0.0	1.0	16.0
12824	Fromage de brebis à pâte molle et croûte fleurie	Soft ripened cheese with bloomy rind, from ewe's milk, Camembert-type cheese	05	276.0	16.8	0	23.3		0.0	1.69	16.2
12827	Fromage de brebis à pâte pressée	Semi-hard cheese, from ewe's milk	05	384.0	23.9	0	32.3	0.0	0.0	1.85	21.3
12828	Fromage de lactosérum de brebis	Cheese, from ewe's whey	05	190.0	10.1	4.3	14.8		0.0	0.63	
12830	Chabichou (fromage de chèvre)	Chabichou cheese, from goat's milk	05	294.0	20.5	0	23.8	0.25	0.0	1.85	17.1
12831	Pélardon (fromage de chèvre)	Pélardon cheese, from goat's milk	05	343.0	23.8	0	27.8	0.0	0.0	1.43	18.6
12832	Crottin de chèvre, au lait cru	Crottin cheese, from goat's milk, from raw milk	05	384.0	23.2	0	32.6		0.0	1.01	24.1
12833	Crottin de chèvre, sans précision	Crottin cheese, from goat's milk	05	340.0	22.4	0	28.0	0.125	0.0	1.17	19.6
12834	Crottin de Chavignol (fromage de chèvre)	Crottin de Chavignol cheese, from goat's milk	05	296.0	19.7	0	24.4	0.25	0.0	1.3	16.2
12836	Picodon (fromage de chèvre)	Picodon cheese, from goat's milk	05	315.0	20.7	0	26.0	0.25	0.0	1.25	19.2
12839	Pouligny Saint-Pierre (fromage de chèvre)	Pouligny Saint-Pierre cheese, from goat's milk	05	294.0	18.9	0	24.5		0.0	1.08	16.8
12842	Sainte-Maure (fromage de chèvre)	Sainte Maure cheese, from goat's milk	05	357.0	22.1	0	30.0	0.125	0.0	1.81	18.4
12845	Selles-sur-Cher (fromage de chèvre)	Selles-sur-Cher cheese, from goat's milk	05	291.0	19.2	0	23.9		0.0	1.4	18.0
12846	Chevrot (fromage de chèvre)	Chevrot cheese, from goat's milk	05	277.0	18.5	0	22.8		0.0	1.12	15.5
12847	Rocamadour (fromage de chèvre)	Rocamadour cheese, from goat's milk	05	274.0	17.9	0	22.6	0.07	0.0	1.09	17.1
12848	Valençay (fromage de chèvre)	Valençay cheese, from goat's milk	05	306.0	19.3	0	25.5		0.0	1.32	18.0
12999	Fromage (aliment moyen)	Cheese (average)	05	338.0	21.8	0.56	27.4	0.27	0.0	1.28	18.2
13000	Abricot, dénoyauté, cru	Apricot, pitted, raw	02	45.9	0.81	9.01	0.25	6.7	1.7	0.006	0.005
13001	Abricot, dénoyauté, sec	Apricot, pitted, dried	02	239.0	2.88	59.1	0.5	34.3	8.3	0.006	0.19
13002	Ananas, pulpe, cru	Pineapple, pulp, raw	02	54.4	0.25	11.7	0.25	10.5	1.2	0.006	0.005
13004	Avocat, pulpe, cru	Avocado, pulp, raw	02	205.0	1.56	0.83	20.6	0.4	3.6	0.015	4.51
13005	Banane, pulpe, crue	Banana, pulp, raw	02	90.5	1.06	19.7	0.25	15.6	2.7	0.006	0.005
13008	Cerise, dénoyautée, crue	Cherry, pitted, raw	02	55.7	0.81	13.0	0.15	10.0	1.6	0.006	0.005
13009	Citron, pulpe, cru	Lemon, pulp, raw	02	27.6	0.25	1.56	0.25	0.8	0.25	0.006	0.005
13012	Figue, crue	Fig, raw	02	69.4	1.19	13.5	0.25	12.2	4.1	0.013	0.005
13014	Fraise, crue	Strawberry, raw	02	38.6	0.63	6.03	0.25	5.6	3.8	0.006	0.005
13015	Framboise, crue	Raspberry, raw	02	49.2	1.19	5.83	0.8	5.4	4.3	0.006	0.13
13016	Fruit de la passion ou maracudja, pulpe et pépins, cru	Passion fruit, pulp and pips, raw	02	101.0	2.13	10.9	3.0	8.5	6.8	0.006	0.54
13018	Grenade, pulpe et pépins, crue	Pomegranate, pulp and pips, raw	02	80.6	1.44	14.3	1.2	13.3	2.3	0.006	0.07
13019	Groseille, crue	Red currant, raw	02	68.5	1.56	7.06	0.7	6.63	4.6	0.006	0.21
13021	Kiwi, pulpe et graines, cru	Kiwi fruit, pulp and seeds, raw	02	60.5	0.88	11.0	0.6	8.9	2.4	0.006	0.13
13023	Litchi, pulpe, cru	Lychee, pulp, raw	02	81.0	1.13	16.1	0.25	15.7	2.0	0.006	0.005
13024	Clémentine ou Mandarine, pulpe, crue	Clementine or Mandarin orange, pulp, raw -> ARCHIVE	02	47.3	0.81	9.17	0.25	8.6	1.7	0.006	0.005
13025	Mangue, pulpe, crue	Mango, pulp, raw	02	73.9	0.63	14.3	0.25	12.9	1.6	0.006	0.005
13026	Melon cantaloup (par ex.: Charentais, de Cavaillon) pulpe, cru	Melon, cantaloupe (ex Cavaillon or Charentais melon), pulp, raw	02	62.7	1.13	14.8	0.25	10.6	1.3	0.06	0.005
13027	Mirabelle, crue	Mirabelle plum, raw	02	76.9	0.63	18.0	0.25	13.3	2.2	0.006	0.005
13028	Myrtille, crue	Blueberry, raw	02	57.7	0.87	10.6	0.33	9.96	2.4	0.0025	0.028
13029	Mûre (de ronce), crue	Blackberry, raw	02	47.3	1.13	6.53	0.7	6.1	5.2	0.006	0.07
13033	Olive verte, en saumure, égouttée	Olives, green, in brine	10	155.0	1.31	0	15.7	0	3.6	3.15	2.33
13034	Orange, pulpe, crue	Orange, pulp, raw	02	45.5	0.75	8.03	0.25	7.6	2.7	0.006	0.005
13035	Papaye, pulpe, crue	Papaya, pulp, raw	02	42.2	0.75	8.53	0.15	8.1	1.8	0.006	0.005
13036	Pastèque, pulpe, crue	Watermelon, pulp, raw	02	38.9	0.69	8.33	0.25	7.9	0.5	0.006	0.005
13038	Compote de pomme	Apple compote	02	102.0	0.23	24.4	0.21	20.7	1.53	0	0.017
13040	Pomelo (dit Pamplemousse), pulpe, cru	Grapefruit, pulp, raw	02	39.8	0.25	8.02	0.25	6.6	0.8	0.006	0.005
13041	Prune Reine-Claude, crue	Greengage plum, raw	02	71.3	0.94	16.4	0.25	10.4	1.7	0.006	0.005
13042	Pruneau, sec	Prune	02	229.0	1.63	55.4	0.4	38.1	5.1	0.006	0.16
13044	Raisin blanc, à gros grain (type Italia ou Dattier), cru	Grape, white, raw	02	73.4	0.75	16.6	0.25	15.5	1.0	0.006	0.005
13046	Raisin, sec	Raisin	02	321.0	3.0	73.2	0.9	70.3	4.2	0.013	0.31
13051	Mélange apéritif de fruits exotiques, sec	Tropical fruit mix, sweetened, for snack, dried	02	389.0	2.19	69.5	10.5	59.4	3.4	0.22	9.16
13066	Kaki, pulpe, cru	Persimmon, pulp, raw	02	68.6	0.88	14.3	0.15	13.9	3.4	0.006	0.005
13067	Citron vert ou Lime, pulpe, cru	Lime, pulp, raw	02	40.2	1.13	3.14	0.15	2.1	4.3	0.015	0.005
13086	Pomme Golden, pulpe, crue	Apple, var. Golden, pulp, raw	02	54.9	0.25	11.7	0.25	11.3	2.5	0.006	0.005
13101	Raisin Chasselas, cru	Grape, Chasselas, raw	02	79.1	0.75	16.9	0.5	16.5	2.0	0.006	0.12
13108	Compote, tout type de fruits	Fruits compote, miscellaneous	02	102.0	0.25	23.9	0.092	23.1	2.0	0.006	0.068
13109	Compote, tout type de fruits, allégée en sucres	Fruits compote, miscellaneous, reduced sugar	02	66.0	0.25	15.3	0.08	14.6	1.6	0.006	0.037
13121	Pomme Granny Smith, pulpe, crue	Apple, var. Granny Smith, pulp, raw	02	53.9	0.25	11.4	0.25	10.6	2.6	0.006	0.005
13122	Pomme Granny Smith, pulpe et peau, crue	Apple, var. Granny Smith, pulp and skin, raw	02	51.5	0.25	10.7	0.25	10.1	2.8	0.006	0.005
13131	Olive noire, à l'huile (à la grecque)	Olives, black, in oil (Greek olive)	10	332.0	2.19	0.05	33.3		11.6	8.45	4.02
13148	Nectarine ou brugnon, jaune, pulpe et peau, crue	Nectarine, yellow, flesh and skin, raw	02	51.3	0.69	11.3	0.25	8.8	0.6	0.006	0.005
13149	Nectarine ou brugnon, blanche, pulpe et peau, crue	Nectarine, white, flesh and skin, raw	02	51.8	0.81	11.4	0.25	8.9	0.25	0.006	0.005
13151	Compote de pomme, allégée en sucres	Apple compote, reduced sugar	02	65.1	0.25	15.1	0.08	14.3	1.3	0.006	0.064
13153	Purée de fruits, tout type de fruits, type "compote sans sucres ajoutés"	Fruits puree, without sugar added	02	58.9	0.25	13.4	0.15	11.3	1.7	0.006	0.005
13161	Boisson infantile céréales lactées aux légumes pour dîner dès 4/6 mois	Dairy cereal-based beverage with vegetables for baby's dinner from 4/6 months	11	82.1	2.14	11.6	2.83	3.71	0.9	0.09	1.42
13162	Boisson infantile céréales lactées aux fruits pour le goûter dès 4/6 mois	Dairy cereal-based beverage with fruits for baby's snack from 4/6 months	11	67.6	1.75	7.7	3.0	6.8	1.5	0.096	1.23
13163	Boisson infantile céréales lactées pour le petit déjeuner dès 4/6 mois	Dairy cereal-based beverage for baby's breakfast from 4/6 months	11	83.7	1.98	12.1	2.7	5.7	1.5	0.08	1.26
13164	Dessert lacté infantile type crème dessert	Dairy dessert for baby, custard type	11	90.0	3.32	11.3	3.1	8.55	1.5	0.088	1.74
13165	Dessert lacté infantile au riz ou à la semoule	Dairy dessert for baby, with rice or semolina	11	93.8	3.45	11.7	3.3	8.65	1.5	0.075	2.21
13166	Dessert lacté infantile nature sucré ou aux fruits	Dairy dessert for baby, plain with sugar or with fruits	11	100.0	3.19	12.5	3.5	9.26	1.5	0.075	2.28
13167	Céréales instantanées, poudre à reconstituer, dès 4/6 mois	Instant cereal (powder to be reconstituted) for baby from 4/6 months	11	393.0	5.1	88.3	1.7	12.7	1.8	0.041	0.64
13168	Céréales instantanées, poudre à reconstituer, dès 6 mois	Instant cereal (powder to be reconstituted) for baby from 6 months	11	391.0	10.0	81.1	2.0	32.8	4.3	0.037	0.61
13169	Boisson infantile céréales lactées pour le petit déjeuner dès 8/9 mois	Dairy cereal-based beverage for baby's breakfast from 8/9 months	11	84.2	2.36	11.6	2.8	5.57	1.5	0.083	1.26
13170	Boisson infantile céréales lactées pour le petit déjeuner dès 12 mois	Dairy cereal-based beverage for baby's breakfast from 12 months	11	86.3	2.23	12.6	2.78	4.7	1.1	0.066	1.19
13171	Boisson infantile lactées aux fruits pour le goûter dès 4/6 mois (sans céréales)	Milky beverage w fruits (without cereals) for baby's snack from 4/6 months	11	75.5	1.85	10.4	2.6	5.78	1.5	0.048	1.15
13173	Boisson infantile céréales lactées pour le petit déjeuner	Dairy cereal-based beverage for baby's breakfast	11	85.5	1.9	12.7	2.89	4.7	0.6	0.083	1.23
13178	Canneberge ou cranberry, séchée, sucrée	Cranberry, dried, with sugar	02	333.0	0.25	76.4	1.0	72.8	5.7	0.006	0.2
13182	Boisson infantile céréales lactées (aliment moyen)	Milky cereal-based beverage(average)	11	86.3	2.22	12.6	2.78	4.71	1.1	0.066	1.19
13184	Olive (aliment moyen)	Olive (average)	10	162.0	1.39	0.043	16.5	0.011	4.38	3.03	2.35
13185	Compote ou assimilé, tout type de fruits, teneur en sucre (allégée en sucres ou non, sans sucres ajoutés...) inconnue (aliment moyen)	Fruit compote, reduced sugar or not	02	80.1	0.25	18.6	0.15	16.7	1.68	0.0048	0.03
13187	Purée de pommes, type "compote sans sucres ajoutés"	Fruits puree, apple, without sugar added	02	56.4	1.13	11.7	0.15	11.7	1.7	0.006	
13188	Poire Conférence, pulpe, crue	Pear, var. Conférence, pulp, raw	02	53.1	0.25	11.4	0.25	9.4	3.1	0.006	0.005
13189	Poire Williams, pulpe, crue	Pear, var. Williams, pulp, raw	02	54.1	0.25	11.5	0.25	9.4	3.1	0.006	0.005
13190	Pomme Chantecler, pulpe, crue	Apple, var. Chanteclerc, pulp, raw	02	51.8	0.25	11.2	0.25	10.8	1.9	0.006	0.005
13191	Pomme Gala, pulpe, crue	Apple, var. Gala, pulp, raw	02	54.5	0.25	11.9	0.25	11.1	1.9	0.006	0.005
13192	Pomme Pink lady, pulpe, crue	Apple, var. Pink lady, pulp, raw	02	60.1	0.25	12.8	0.25	12.3	2.9	0.006	0.005
13193	Pêche blanche, pulpe et peau, crue	Peach, white-flesh variety, pulp and skin, raw	02	47.2	0.69	9.48	0.25	8.7	2.1	0.006	0.005
13194	Pêche blanche, pulpe, crue	Peach, white-flesh variety, pulp, raw	02	46.1	0.63	9.63	0.25	7.8	1.1	0.006	0.005
13195	Pêche jaune, pulpe, crue	Peach, yellow-flesh variety, pulp, raw	02	46.3	0.69	9.8	0.25	7.6	1.0	0.006	0.005
13200	Mangue José, pulpe, crue, prélevée à La Réunion (Mangifera indica L.)	Mango José, flesh, raw, from the island La Réunion (Mangifera indica L.)	02	88.8	0.75	19.3	0.5	18.4	1.8	0.006	0.18
13201	Ananas Victoria ou ananas Queen Victoria, pulpe crue, prélevé à La Réunion Ananas comosus (L.) merr var. Queen)	Queen Vicoria ananas, flesh, raw, from the island La Réunion (Ananas comosus (L.) merr var. Queen)	02	71.8	0.94	15.1	0.15	14.9	2.4	0.006	0.005
13202	Papaye Colombo (fruit mûr), pulpe sans pépin, crue, prélevée à La Réunion (Carica papaya L.)	Colombo Papaya (fruit), mature, seeds and peel removed, raw, from the island La Réunion (Carica papaya L.)	02	40.0	0.56	7.88	0.15	7.7	2.2	0.006	0.005
13620	Pomme Golden, pulpe et peau, crue	Apple, var. Golden, pulp and skin, raw	02	57.1	0.25	12.8	0.25	11.5	1.4	0.006	0.005
13621	Raisin noir Muscat, cru	Grape, red, Muscat, raw	02	90.1	0.69	20.0	0.25	19.6	2.7	0.006	0.005
13623	Abricot, dénoyauté, sec, moelleux (réhydraté à 35-45%)	Apricot, pitted, dried, rehydrated to 35-45% water	02	200.0	2.31	51.1	0.4	29.9	3.5	0.006	0.16
13734	Poire au sirop léger, appertisée, égouttée	Pear, canned in light syrup, drained	02	64.9	0.25	13.9	0.4	11.5	2.6	0.006	
13999	Fruit cru (aliment moyen)	Fruit (average)	02	59.5	0.7	11.6	0.26	9.89	1.97	0.0088	0.023
14000	Chevreuil, rôti/cuit au four	Venison (roebuck), roasted/baked	04	150.0	30.2	0.0	3.19		0.0	0.14	1.25
14002	Sanglier, cru	Wild boar, raw	04	147.0	20.7	0.0	7.13	0.0	0.0	0.2	2.47
14003	Sanglier, rôti/cuit au four	Wild boar, roasted/baked	04	153.0	28.3	0.0	4.38	0.0	0.0	0.15	1.3
14004	Lièvre, viande crue	Hare, meat, raw	04	111.0	21.6	0.0	2.67	0.0	0.0	0.15	0.93
14005	Chevreuil, cru	Venison (roebuck), raw	04	110.0	23.0	0.0	2.0	0.0	0.0	0.053	1.0
14006	Cerf, cru	Venison (hart), raw	04	113.0	23.7	0.0	2.04	0.0	0.0	0.13	0.88
14007	Cerf, rôti/cuit au four	Venison (hart), roasted/baked	04	150.0	30.2	0.0	3.19		0.0	0.14	1.25
14008	Gibier à poil, cuit (aliment moyen)	Game, cooked (average)	04	152.0	29.6	0.0	3.74		0.0	0.14	1.26
15018	Mélange apéritif de graines salées et raisins secs	Mix of salted grains/nuts and raisins	02	560.0	16.6	27.1	39.6	21.6	8.4	0.42	4.98
15049	Mélange apéritif de graines (non salées) et raisins secs	Mix of unsalted grains/nuts and raisins	02	541.0	12.5	31.8	37.2	29.4	9.6	0.018	4.96
15054	Noix de cajou, grillée, non salée	Cashew nut, grilled, unsalted	02	618.0	17.4	21.3	48.1	6.64	8.4	0.015	8.24
15055	Noix de cajou, grillée à sec, non salée	Cashew nut, dry-grilled, unsalted	02	630.0	17.4	23.5	49.0	6.63	5.7	0.02	8.87
15201	Pâte d'amande, préemballée	Almond paste or marzipan, prepacked	02	432.0	5.8	70.3	13.5	60.1	2.8	0.018	1.05
16030	Huile ou beurre de cacao	Cocoa butter	09	900.0	0.0	0.0	100.0	0.0	0.0	0.0	59.7
16040	Huile ou graisse de coco (coprah), sans précision	Coconut fat or oil	09	900.0	0.0	0.0	100.0	0.0	0.0	0.0	84.0
16060	Huile ou graisse de coco (coprah), raffinée	Coconut fat or oil refined	09	900.0	0.0	0.0	100.0	0.0	0.0	0.0	86.5
16080	Matière grasse ou graisse végétale solide (type margarine) pour friture	Solid vegetable fat (margarine type), for frying	09	899.0	0.25	0.0	99.8	0	0.0	0.006	94.6
16110	Huile ou beurre de karité	Shea butter Africa	09	900.0	0.0	0.0	100.0	0.0	0.0	0.0	46.6
16128	Huile pour friture, sans précision	Frying oil	09	900.0	0.0	0.0	100.0	0.0	0.0	0.006	9.86
16129	Huile de palme, sans précision	Palm oil	09	900.0	0.0	0.0	100.0	0.0	0.0	0.0	49.3
16150	Huile de palme raffinée	Palm oil, refined	09	900.0	0.0	0.0	100.0	0.0	0.0	0.0	49.3
16200	Huile ou graisse de palmiste, sans précision	Palm kernel fat	09	900.0	0.0	0.0	100.0	0.0	0.0	0.0	81.5
16400	Beurre à 82% MG, doux	Butter, 82% fat, unsalted	09	753.0	0.7	0.9	82.9	0.83	0.0	0.063	55.4
16402	Beurre à 80% MG, demi-sel	Butter, 80% fat, lightly salted	09	738.0	0.72	0.55	81.4	0.39	0.0	1.9	54.9
16403	Beurre à 80% MG, salé	Butter, 80% fat, salted	09	732.0	0.5	0.68	80.8	0	0.0	2.52	52.9
16404	Beurre à 82% MG, doux, tendre	Butter, 82% fat, unsalted, easy-to-spread	09	755.0	0.7	0.5	83.4		0.0	0.055	
16410	Beurre à 60-62% MG, à teneur réduite en matière grasse, doux	Butter, 60-62% fat, light, unsalted	09	550.0	0.56	0.7	60.6	0.1	0.0	0.045	40.1
16411	Beurre à 60-62% MG, à teneur réduite en matière grasse, demi-sel	Butter, 60-62% fat, light, lightly salted	09	555.0	0.9	0.5	61.0	0.5	0.0	1.13	34.3
16412	Beurre ou assimilé allégé (léger ou à teneur reduite en matière grasse), doux (aliment moyen)	Butter spread, low-fat (average)	09	368.0	0.33	3.73	38.9	1.06	0.51	0.4	25.0
16413	Beurre à teneur en matière grasse inconnue (allégé ou non), demi-sel (aliment moyen)	Butter, unknown fat content , half-salted (average)	09	727.0	0.73	0.55	80.2	0.4	0.0	1.86	53.7
16414	Beurre ou assimilé à teneur en matière grasse inconnue, doux (aliment moyen)	Butter, unknown fat content , unsalted (average)	09	741.0	0.69	0.99	81.5	0.84	0.017	0.073	54.5
16415	Beurre à 39-41% MG, léger, doux	Butter, light, 39-41% fat, unsalted	09	391.0	0.25	3.6	41.7	1.26	0.0	0.45	26.2
16520	Saindoux	Lard or pork fat	09	896.0	0.0	0.0	99.5	0.0	0.0	0.005	41.1
16530	Lard gras, cru	Pork fat, raw	09	810.0	2.92	0.0	88.7	0.0	0.0	0.028	32.2
16540	Graisse de poulet	Chicken fat	09	898.0	0.0	0.0	99.8	0.0	0.0	0.0	29.8
16550	Graisse de canard	Duck fat	09	898.0	0.0	0.0	99.8	0.0	0.0	0.0	33.2
16560	Graisse d'oie	Goose fat	09	898.0	0.0	0.0	99.8	0.0	0.0	0.0	27.7
16570	Graisse de dinde	Turkey fat	09	898.0	0.0	0.0	99.8	0.0	0.0	0.0	29.4
16614	Matière grasse végétale (type margarine) à 80% MG, salée	Vegetable fat (like margarine), 80% fat, salted	09	722.0	0.25	0.25	80.0	0.25	0.0	1.78	32.0
16615	Matière grasse végétale ou margarine, 80% MG, doux	Vegetable fat (margarine type), 80% fat, unsalted	09	726.0	0.39	0.3	80.4	0.3	0.0	0.43	25.1
16616	Matière grasse végétale (type margarine) à 70% MG, doux	Vegetable fat (margarine type), 70% fat, unsalted	09	631.0	0.13	0.24	70.0	0.24	0.0	0.76	29.2
16654	Matière grasse végétale (type margarine) à 60% de MG, allégée, au tournesol, doux	Vegetable fat (margarine type), 60% fat, unsalted, sunflowerseed	09	548.0	0.25	0.275	60.6	0.1	0.0	0.37	14.1
16712	Matière grasse laitière à 25% MG, légère, "à tartiner", doux	Dairy fat 25% fat, light, spreadable, unsalted	09	247.0	0.4	3.8	25.6		0.0	0.72	16.3
16713	Matière grasse laitière à 20% MG, légère, "à tartiner", doux	Dairy fat 20% fat, light, spreadable, unsalted	09	201.0	0.25	6.2	19.1	1.56	1.5	0.63	12.1
16719	Matière grasse végétale (type margarine), teneur en matière grasse inconue, doux (aliment moyen)	Vegetable fat (margarine type), spreadable, fat content unknown, light, unsalted	09	608.0	0.16	0.24	67.4	0.24	0.0	0.68	26.6
16725	Matière grasse végétale (type margarine), teneur réduite en matière grasse inconnue, doux (aliment moyen)	Fat spreadfat content unknown, unsalted (average)	09	532.0	0.28	0.24	58.9	0.22	0.0	0.4	18.2
16733	Matière grasse végétale (type margarine), à tartiner, à 30-40% MG, légère, doux	Vegetable fat (margarine type), spreadable, 30-40% fat, light, unsalted	09	366.0	1.44	3.0	38.6	1.91	0.0	0.53	17.5
16734	Matière grasse végétale (type margarine), à tartiner, à 30-40% MG, légère, demi-sel	Vegetable fat (margarine type), spreadable, 30-40% fat, light, lightly salted	09	358.0	0.9	3.05	38.0	1.5	0.0	1.63	17.3
16736	Matière grasse végétale (type margarine), à tartiner, à 30-40% MG, légère, doux, riche en oméga 3	Vegetable fat (margarine type), spreadable, 30-40% fat, light, unsalted, rich in omega 3	09	349.0	0.0	0.0	38.8	0.0	0.0	0.3	9.0
16737	Matière grasse végétale (type margarine) à 50-63% MG, allégée, doux, riche en oméga 3	Vegetable fat (margarine type), spreadable, 50-63% fat, light, unsalted, rich in omega 3	09	521.0	0.15	0.18	57.8	0.18	0	0.37	14.5
16738	Matière grasse végétale (type margarine) à 50-63% MG, allégée, demi-sel	Vegetable fat (margarine type), 50-63% fat, light, lightly salted	09	523.0	0.2	0.1	58.0	0.1	0.0	1.25	25.0
16739	Matière grasse végétale (type margarine) à 50-63% MG, allégée, doux, aux esters de stérol végétal	Vegetable fat (margarine type), spreadable, 50-63% fat, light, unsalted, with plant sterols esters	09	548.0	0.25	0.0	60.8	0	0.0	0.32	14.6
16740	Matière grasse végétale (type margarine) à 50-63% MG, allégée, demi-sel, riche en oméga 3	Vegetable fat (margarine type), spreadable, 50-63% fat, light, lightly salted, rich in omega 3	09	491.0	0.083	0.12	54.5	0.12	0.0	1.38	14.9
16741	Matière grasse végétale (type margarine) à 50-63% MG, allégée, doux	Vegetable fat (margarine type), spreadable, 50-63% fat, light, unsalted	09	536.0	0.25	0.18	59.3	0.18	0.0	0.4	18.2
16742	Matière grasse végétale (type margarine) à 30-40% MG, légère, demi-sel, aux esters de stérol végétal	Vegetable fat (margarine type), spreadable, 30-40% fat, light, lightly salted, with plant sterols esters	09	325.0	0.1	2.5	35.0	0.1	0.0	1.23	7.8
16743	Matière grasse mélangée (végétale et laitière) à 50-63% MG	Blended fat (vegetable and animal origins), 50-63% fat	09	490.0	0.4	0.6	54.0	0.6	0.0	0.44	25.7
16744	Matière grasse mélangée (végétale et laitière) à 50-63% MG, demi-sel	Blended fat (vegetable and animal origins), 50-63% fat, lightly salted	09	481.0	0.4	0.6	53.0	0.6	0.0	1.5	25.7
16745	Matière grasse mélangée (végétale et laitière), à tartiner, à 30-40% MG	Blended fat (vegetable and animal origins), spreadable, 30-40% fat	09	397.0	1.69	5.6	40.9	2.3	0.0	0.54	20.6
16746	Matière grasse mélangée (végétale et laitière), à tartiner, à 30-40% MG, demi-sel	Blended fat (vegetable and animal origins), spreadable, 30-40% fat, lightly salted	09	370.0	1.5	5.6	38.0	2.5	0.0	1.75	17.5
17001	Huile végétale (aliment moyen)	Vegetable oil (average)	09	900.0	0.21	0.0	99.9	0.0	0.0	0.0098	13.5
17020	Huile d'amandes d'abricot	Apricot kernel oil	09	900.0	0.0	0.0	100.0	0.0	0.0	0.0	6.3
17030	Huile d'amande	Almond oil	09	900.0	0.0	0.0	100.0	0.0	0.0	0.0	8.2
17040	Huile d'arachide	Peanut oil	09	900.0	0.25	0.0	99.9	0.0	0.0	0.006	16.2
17100	Huile d'avocat	Avocado oil	09	900.0	0.0	0.0	100.0	0.0	0.0	0.0	17.9
17110	Huile de germe de blé	Wheat germ oil	09	900.0	0.0	0.0	100.0	0.0	0.0	0.0	17.4
17126	Huile de carthame	Safflower oil	09	900.0	0.0	0.0	100.0	0.0	0.0	0.0	6.69
17130	Huile de colza	Rapeseed oil	09	900.0	0.0	0.0	100.0	0.0	0.0	0.0	7.26
17170	Huile de coton	Cottonseed oil	09	900.0	0.0	0.0	100.0	0.0	0.0	0.0	25.9
17180	Huile de lin	Linseed oil	09	900.0	0.0	0.0	100.0	0.0	0.0	0.0	9.19
17190	Huile de maïs	Maize/corn oil	09	900.0	0.0	0.0	100.0	0.0	0.0	0.0	12.2
17210	Huile de noisette	Hazelnut oil	09	900.0	0.0	0.0	100.0	0.0	0.0	0.0	8.34
17220	Huile de noix	Walnut oil	09	900.0	0.0	0.0	100.0	0.0	0.0	0.0	10.0
17270	Huile d'olive vierge extra	Olive oil, extra virgin	09	900.0	0.25	0.0	99.9	0.0	0.0	0.006	15.2
17325	Huile de pavot	Poppyseed oil	09	900.0	0.0	0.0	100.0	0.0	0.0	0.0	13.5
17350	Huile de pépins de raisin	Grapeseed oil	09	900.0	0.0	0.0	100.0	0.0	0.0	0.006	11.4
17390	Huile de son de riz	Rice bran oil	09	900.0	0.0	0.0	100.0	0.0	0.0	0.0	19.7
17400	Huile de sésame	Sesame oil	09	900.0	0.0	0.0	100.0	0.0	0.0	0.0	14.9
17420	Huile de soja	Soy oil	09	900.0	0.0	0.0	100.0	0.0	0.0	0.0	14.7
17440	Huile de tournesol	Sunflower oil	09	901.0	0.25	0.0	100.0	0.0	0.0	0.025	11.1
17630	Huile de foie de morue	Cod liver oil	09	900.0	0.0	0.0	100.0	0.0	0.0	5e-05	22.0
17640	Huile de sardine	Sardine oil	09	900.0	0.0	0.0	100.0	0.0	0.0	0.0	29.9
17645	Huile de saumon	Salmon oil	09	900.0	0.0	0.0	100.0	0.0	0.0	0.0	
17650	Huile de hareng	Herring oil	09	900.0	0.0	0.0	100.0	0.0	0.0	0.0	21.3
17700	Huile combinée (mélange d'huiles)	Combined oil (blended vegetable oils)	09	896.0	0.0	0.0	99.5	0.0	0.0	0.011	10.3
17701	Huile combinée, mélange d'huile d'olive et de graines	Combined oil (mix of olive oil and seeds oil)	09	900.0	0.0	0.0	100.0	0.0	0.0	0.0	12.1
17900	Huile d'argan ou d'argane	Argan oil	09	889.0	0.0	0.0	98.7	0.0	0.0		17.6
17999	Huile de paraffine	Paraffin oil	09	0.0	0.0	0.0	0.0	0.0	0.0	0.0	
18003	Café, moulu	Coffee, ground	06	397.0	14.4	40.2	15.4		19.8	0.19	
18004	Café, non instantané, non sucré, prêt à boire	Not instant coffee, without sugar, ready-to-drink	06	6.88	0.25	1.35	0.018	0	0.25	0.0067	0.002
18005	Café, poudre soluble	Coffee, powder, instant	06	296.0	19.4	42.6	1.1	0.0	19.1	0.098	0.2
18008	Eau de source, embouteillée (aliment moyen)	Water, bottled (average)	06	0.0	0.0	0.0	0.0	0.0	0.0		
18009	Eau minérale, embouteillée, faiblement minéralisée (aliment moyen)	Water, bottled, low mineral (average)	06	0.0	0.0	0.0	0.0	0.0	0.0	0.0019	0.0
18011	Eau de coco	Coconut water	06	15.2	0.21	3.33	0.15	2.48	0.25	0.051	0.005
18017	Sirop à diluer, sucré	Syrup, with sugar (to be diluted)	06	255.0	0.25	62.6	0.25	58.8	0.25	0.017	0.0
18018	Cola, sucré	Cola, with sugar	06	41.8	0.093	10.2	0.062	10.2	0.0	0.017	0.0
18019	Boisson gazeuse aux fruits (de 10 à 50% de jus), sucrée	Fruit soft drink, carbonated (10-50% of fruit juice), with sugar	06	46.6	0.067	11.3	0.028	9.92	0	0.033	0
18020	Thé infusé, non sucré	Tea, brewed, without sugar	06	0.063	0.0	0.0	0.007	0.0	0.0	0.0041	0.002
18022	Tisane infusée, non sucrée	Infusion, brewed, without sugar	06	0.87	0.0	0.2	0.008	0.0	0.0	0.0025	0.002
18025	Kombucha, préemballé	Kombucha, prepacked	06	9.46	0.25	1.45	0.15	1.45	0.25	0.0053	0.005
18026	Boisson gazeuse, sans jus de fruit, sucrée	Soft drink, carbonated, without fruit juice, with sugar	06	37.1	0.14	8.67	0.078	8.67	0.0	0.091	0.0
18041	Lait de coco ou Crème de coco	Coconut milk or coconut cream	06	188.0	1.77	3.4	18.4	2.1	0.57	0.075	16.5
18044	Eau minérale (aliment moyen)	Water, mineral, bottled (average)	06	0.0	0.0	0.0	0.0	0.0	0.0	0.0042	0.0
18045	Eau minérale, plate (aliment moyen)	Water, mineral, non-carbonated, bottled (average)	06	0.0	0.0	0.0	0.0	0.0	0.0	0.0019	0.0
18046	Eau minérale, gazeuse (aliment moyen)	Water, mineral, carbonated, bottled (average)	06	0.0	0.0	0.0	0.0	0.0	0.0	0.011	0.0
18048	Boisson gazeuse aux fruits (teneur en jus non spécifiée), sucrée (aliment moyen)	Fruit soft drink, carbonated (fruit juice content unknown), with sugar	06	46.6	0.068	11.2	0.03	9.91	0.00043	0.032	0.0
18059	Boisson concentrée à diluer, sans sucres ajoutés, avec édulcorants, type "sirop 0%"	Concentrate beverage (to be diluted), without sugar and with artificial sweeteners, "syrup 0%" type	06	21.7	0.25	2.76	0.25	0.66	0.7	0.028	
18060	Cola, non sucré, avec édulcorants	Cola, without sugar and with artificial sweetener(s)	06	1.3	0.081	0.11	0.053	0.11	0.003	0.024	0.0
18062	Boisson au thé, aromatisée, teneur en sucre et édulcorant inconnue (aliment moyen)	Still soft drink with tea extract, sugar and sweetener(s) content (average)	06	27.3	0.028	6.11	0.0092	5.9	0.0	0.061	0.0
18063	Cola, teneur en sucre et édulcorant inconnue (aliment moyen)	Cola, sugar and sweetener(s) content (average)	06	30.7	0.089	7.45	0.059	7.41	0.00084	0.019	0.0
18066	Eau du robinet	Water, municipal	06	0.0	0.0	0.0	0.0	0.0	0.0	0.0076	0.0
18067	Cola, sucré, sans caféine	Cola, with sugar and without caffeine	06	43.8	0	11.0	0	11.0	0.0	0.025	0.0
18068	Cola, non sucré, avec édulcorants, sans caféine	Cola, without sugar, with artificial sweetener(s) and with caffeine	06	0.87	0.0	0.2	0.0	0.2	0.0	0.018	0.0
18069	Café, décaféiné, poudre soluble	Decaffeinated coffee, powder, instant	06	357.0	12.7	76.0	0.2	0.0	0.0	0.058	0.087
18070	Café décaféiné, non instantané, non sucré, prêt à boire	Decaffeinated not instant coffee, without sugar, ready-to-drink	06	4.42	0.1	0.6	0.18	0.0	0.0	0.02	0.047
18071	Café expresso, non instantané, non sucré, prêt à boire	Espresso coffee, not instant coffee, without sugar, ready-to-drink	06	7.64	0.25	1.16	0.2	0	0.25	0.0071	0.092
18072	Café décaféiné, instantané, non sucré, prêt à boire	Decaffeinated instant coffee, without sugar, ready-to-drink	06	2.1	0.12	0.4	0.002	0.0	0.0	0.01	0.001
18073	Café, instantané, non sucré, prêt à boire	Instant coffee, without sugar, ready-to-drink	06	1.64	0.1	0.3	0.004	0.0	0.0	0.01	0.002
18075	Boisson au thé, aromatisée, sucrée	Still soft drink with tea extract, flavoured, with sugar	06	27.3	0.033	6.76	0.011	6.52	0.0	0.058	0.0
18076	Thé, feuille	Tea leaf	06	232.0	19.4	6.3	2.0		55.8	0.11	
18100	Cacao, non sucré, poudre soluble	Cocoa powder, without sugar, powder, instant	06	387.0	22.4	11.6	20.6	0.9	29.5	0.11	12.4
18101	Poudre cacaotée ou au chocolat pour boisson, sucrée	Cocoa or chocolate powder, for beverages, with sugar	06	379.0	6.65	75.6	3.29	67.9	10.5	0.21	2.16
18104	Boisson cacaotée ou au chocolat, instantanée, sucrée, prête à boire (reconstituée avec du lait demi-écrémé standard)	Instant cocoa or chocolate beverage, with sugar, ready-to-drink (reconstituted with standard semi-skimmed milk)	06	69.3	3.78	9.5	1.42		1.7	0.12	0.85
18106	Boisson cacaotée ou au chocolat, instantanée, sucrée, enrichie en vitamines, prête à boire (reconstituée avec du lait demi-écrémé standard)	Instant cocoa or chocolate beverage, with sugar, fortified with vitamins and chemical elements, ready-to-drink (reconstituted with standard semi-skimm	06	71.9	4.08	9.91	1.71		0.25		0.99
18107	Boisson à l'amande, nature, non sucrée, non enrichie, préemballée	Almond drink not sweet, not fortified, prepacked	06	36.3	1.06	0.68	3.2	0	0.25	0.051	0.31
18110	Boisson à l'amande, sucrée, enrichie en calcium, préemballée	Almond-based drink, sweet, fortified with calcium, prepacked	06	44.4	0.69	3.96	2.8	3.44	0.25	0.095	0.58
18150	Chicorée et café, poudre soluble	Mix of chicory and coffee, powder, instant	06	332.0	9.3	66.9	0.35		12.0	0.72	0.12
18151	Café au lait, café crème ou cappuccino, instantané ou non, non sucré, prêt à boire	Coffee with milk or white coffee or cappuccino, instant coffee or not, without sugar, ready-to-drink	06	21.5	1.39	2.31	0.76	2.31	0.0	0.059	0.47
18152	Chicorée, poudre soluble	Chicory, powder, instant	06	323.0	3.3	57.2	2.5	21.7	29.2	0.39	0.75
18153	Chicorée et café, instantané, non sucré, prête à boire (reconstituée avec du lait demi-écrémé standard)	Mix of chicory and coffee, instant, without sugar, ready-to-drink (reconstituted with standard semi-skimmed milk)	06	53.7	3.74	5.9	1.62	5.0	0.46	0.13	1.0
18154	Thé noir, infusé, non sucré	Black tea, brewed, without sugar	06	1.26	0.0	0.3	0.007	0.0	0.0	0.0075	0.002
18155	Thé vert, infusé, non sucré	Green tea, brewed, without sugar	06	5.1	0.0	1.09	0.0		0.0	0.011	
18156	Thé oolong, infusé, non sucré	Oolong tea, brewed, without sugar	06	0.0	0.0	0.0	0.0		0.0		
18160	Café au lait ou cappuccino, poudre soluble	Coffee with milk or Cappuccino, powder, instant	06	416.0	12.2	70.1	8.8	52.0	3.3	0.79	7.47
18161	Chicorée, instantanée, non sucrée, prête à boire (reconstituée avec du lait demi-écrémé standard)	Instant chicory, without sugar and artificial sweeteners, ready-to-drink (reconstituted with standard semi-skimmed milk)	06	93.5	0	7.1	7.1		0.59	0.13	
18162	Chicorée et café, instantané, non sucré, prêt à boire (reconstituée avec de l'eau)	Mix of chicory and coffee, instant, without sugar, ready-to-drink (reconstituted with water)	06	28.7	0.56	6.06	0.15	0.43	0.6	0.022	
18163	Café au lait ou cappuccino au chocolat, poudre soluble	Coffee with milk or Cappuccino with chocolate, powder, instant	06	402.0	11.2	67.1	9.13	62.2	3.51	1.29	7.83
18167	Poudre cacaotée ou au chocolat sucrée pour boisson, enrichie en vitamines et minéraux	Cocoa or chocolate powder, for beverages, with sugar, fortified with vitamins and chemical elements	06	376.0	4.68	79.3	3.04	76.7	6.48	0.43	1.44
18168	Poudre cacaotée ou au chocolat pour boisson, sucrée, enrichie en vitamines	Cocoa or chocolate powder, for beverages, with sugar, fortified with vitamins	06	386.0	4.29	85.0	2.04	82.7	5.3	0.31	1.3
18220	Citron ou Lime, spécialité à diluer pour boissons, sans sucres ajoutés	Lemon or lime base, for beverage, without sugar (to be diluted)	06	19.7	0.25	1.31	0.0	0.91	0.0	0.0035	0.0
18343	Boisson au jus de fruit et au lait	Fruit juice with milk	06	47.5	0.56	9.63	0.3	9.63	1.5	0.03	0.2
18430	Eau embouteillée de source	Water, bottled	06	0.0	0.0	0.0	0.0	0.0	0.0		
18900	Boisson au soja, nature, non enrichie, préemballée	Soy drink, plain, prepacked	06	37.1	3.31	0.7	2.07	0.2	0.6	0.061	0.26
18901	Boisson au soja, nature, enrichie en calcium, préemballée	Soy drink, plain, fortified with calcium, prepacked	06	44.2	3.42	2.18	2.05	2.18	1.0	0.097	0.26
18902	Boisson au soja, aromatisée, sucrée, non enrichie, préemballée	Soy drink, sweet, flavoured, with sugar, prepacked	06	60.5	2.96	7.24	1.92	6.72	0.6	0.12	0.3
18903	Boisson au soja, aromatisée, sucrée, enrichie en calcium, préemballée	Soy drink, sweet, flavoured, enriched in calcium, prepacked	06	42.8	3.01	2.89	1.8	2.7	1.1	0.12	0.28
18904	Boisson au riz, nature, préemballée	Rice-based drink, plain, prepacked	06	53.7	0.23	10.8	1.0	5.6	0.25	0.074	0.11
18905	Boisson à base d'avoine, nature, préemballée	Oat-based drink, plain, prepacked	06	42.6	0.23	7.8	1.1	5.0	0.25	0.066	0.2
18906	Boisson à la châtaigne, nature, préemballée	Chestnut-based drink, plain, prepacked	06	68.9	0.21	13.5	1.4	9.01	0.61	0.077	0.18
18907	Boisson à la noix de coco, nature, préemballée	Coconut-based drink, plain, prepacked	06	31.4	0.21	2.75	2.1	2.46	0.25	0.089	1.87
19012	Lait de croissance infantile, liquide (aliment lacté destiné aux enfants en bas âge)	Baby milk, growing up milk, ready to feed	11	60.9	1.28	7.77	2.71	5.98	0.0	0.06	1.1
19013	Lait 1er âge, prêt à consommer (préparation pour nourrissons)	Baby milk, first milk, ready to feed	11	71.8	1.21	8.04	3.79	6.72	0.25	0.04	1.48
19014	Lait 2e âge, prêt à consommer (préparation pour nourrissons)	Baby milk, follow on milk, ready to feed	11	65.1	1.21	8.23	2.9	5.63	0.5	0.055	1.14
19021	Lait en poudre, entier	Milk, powder, whole	05	499.0	27.4	37.5	26.8	37.5	0.0	0.9	17.3
19023	Lait entier, UHT	Milk, whole, UHT	05	65.1	3.32	4.85	3.63	4.2	0.0	0.11	2.4
19024	Lait entier, pasteurisé	Milk, whole, pasteurised	05	56.5	3.3	3.47	3.3		0.0	0.2	2.16
19026	Lait concentré non sucré, entier	Condensed milk, without sugar, whole	05	122.0	6.44	9.91	5.9	9.47	1.5	0.24	3.96
19027	Lait concentré sucré, entier	Condensed milk, with sugar, whole	05	323.0	7.7	55.6	7.87	55.6	0.0	0.21	5.17
19037	Lait demi-écrémé, UHT, enrichi en vitamine D seulement	Milk,  1,2% fat, vitamin D fortified, UHT	05	46.6	3.38	4.8	1.52	4.5	0.0	0.09	0.98
19038	Lait à 1,2% de matière grasse, UHT, enrichi en plusieurs vitamines	Milk, 1,2% fat, multi-vitamin fortified, UHT	05	44.1	3.38	4.79	1.25	4.5	0.0	0.088	0.81
19039	Lait, teneur en matière grasse inconnue, UHT (aliment moyen)	Milk, fat content unknown, UHT sterilized	05	47.3	3.38	4.82	1.59	4.62	0.0	0.092	1.06
19041	Lait demi-écrémé, UHT	Milk, semi-skimmed, UHT	05	47.0	3.38	4.83	1.55	4.66	0.0	0.09	1.04
19042	Lait demi-écrémé, pasteurisé	Milk, semi-skimmed, pasteurised	05	46.4	3.19	4.9	1.54	4.81	0.0	0.078	1.06
19044	Lait en poudre, demi-écrémé	Milk, powder, semi-skimmed	05	459.0	31.5	43.4	17.5	43.4	0.0	0.78	11.6
19050	Lait écrémé, UHT	Milk, skimmed, UHT	05	33.4	3.51	4.64	0.06	4.64	0.0	0.098	0.03
19051	Lait écrémé, pasteurisé	Milk, skimmed, pasteurised	05	34.5	3.28	4.99	0.19	4.93	0.0	0.11	0.11
19054	Lait en poudre, écrémé	Milk, powder, skimmed	05	361.0	35.3	54.0	0.7	53.1	0.0	1.21	0.34
19060	Lait demi-écrémé (ou à teneur en matière grasse légèrement inférieure) à teneur réduite en lactose	Milk, semi-skimmed, reduced lactose	05	44.4	3.45	4.69	1.29	4.66	0.0	0.088	0.86
19122	Boisson lactée aromatisée au chocolat, sucrée, au lait partiellement écrémé, enrichie et/ou restaurée en vitamines et/ou minéraux	Chocolate flavoured milk, with sugar, partially skimmed, fortified with vitamins and chemicals elements	06	63.8	2.75	10.8	0.99	9.45	0.5	0.095	0.7
19127	Boisson lactée aromatisée à la fraise, sucrée, au lait partiellement écrémé, enrichie à la vitamine D	Strawberry flavoured milk, with sugar, partially skimmed, fortified with vitamins D	06	52.6	2.17	10.0	0.45	10.0	0.0	0.14	0.3
19200	Lait de chèvre, entier, UHT	Goat milk, whole, UHT	05	56.1	3.39	4.35	2.83	4.35	0.0	0.13	1.8
19201	Lait de chèvre, demi-écrémé, UHT	Goat milk, half skimmed, UHT pasteurized	05	45.8	3.77	4.13	1.57	4.13	0.0	0.15	1.06
19202	Lait de chèvre, entier, cru	Goat milk, whole, raw	05	57.4	3.22	4.01	3.2	4.01	0.0	0.091	2.16
19225	Lait de jument, entier	Mare's milk, whole	05	50.0	2.41	6.18	1.73		0.0	0.05	0.82
19250	Lait de brebis, entier	Sheep milk, whole	05	103.0	5.68	4.5	6.97	4.5	0.0	0.11	4.8
19402	Crème de lait ou spécialité à base de crème légère, teneur en matière grasse inconnue (aliment moyen)	Cream, fat content unknown (average)	05	269.0	2.88	2.87	26.0	2.77	1.39	0.08	17.8
19410	Crème de lait, 30% MG, épaisse, rayon frais	Thick cream 30% fat, refrigerated	05	304.0	3.0	2.8	30.7	2.66	1.5	0.07	20.8
19415	Crème de lait, 30% MG, semi-épaisse, UHT	Liquid cream 30% fat, UHT	05	297.0	2.49	1.94	30.7	1.94	1.5	0.073	21.4
19420	Crème chantilly, sous pression, UHT	Whipped cream or Chantilly cream, under pressure, UHT	05	308.0	2.11	10.6	28.2	10.4	1.5	0.065	18.9
19430	Crème de lait, 15 à 20% MG, légère, semi-épaisse, UHT	Liquid cream, light, 15-20% fat, UHT	05	194.0	2.62	2.89	18.7	2.89	1.5	0.083	12.7
19431	Crème de lait, 15 à 20% MG, légère, épaisse, rayon frais	Thick cream, light, 15-20% fat, refrigerated	05	166.0	2.81	3.0	15.3	3.0	1.5	0.085	10.4
19433	Spécialité à base de crème légère 8% MG, fluide ou épaisse	cream, light, 4 to 8% fat, liquid or thick	05	76.2	3.25	5.28	4.3	4.44	1.5	0.11	2.88
19501	Fromage blanc nature ou aux fruits (aliment moyen)	Quark, plain or fruit (average)	05	87.7	7.1	5.68	4.31	5.0	0.0048	0.11	2.81
19508	Boisson lactée, lait fermenté ou yaourt à boire, aromatisé, sucré	Dairy drink or fermented milk or yogurt, flavoured, with sugar	05	73.7	2.98	11.6	1.4	11.3	0.028	0.08	0.95
19530	Spécialité fromagère non affinée à tartiner environ 30-40 % MG aromatisée (ex: ail et fines herbes)	Uncured soft cheese, spreadable, around 30-40% fat, flavoured (ex : garlic and herbs)	05	366.0	7.66	4.24	35.3	1.86	0.0	1.2	23.9
19535	Boisson lactée, lait fermenté ou yaourt à boire, aux fruits, sucré	Dairy drink or fermented milk or yogurt, with fruits, with sugar	05	82.8	3.09	13.1	1.69	12.8	0.079	0.12	1.06
19539	Lait fermenté ou spécialité laitière type yaourt, aromatisé, sucré, au bifidus	Fermented milk or dairy specialty, yogurt type, flavoured, with sugar, with bifidus	05	94.4	3.83	11.5	3.1	11.5	1.5	0.1	2.11
19542	Lait fermenté ou spécialité laitière type yaourt, aux fruits, sucré, au bifidus	Fermented milk or dairy specialty, yogurt type, with fruits, with sugar, with bifidus	05	97.2	3.57	13.0	3.01	12.9	0.65	0.14	2.0
19546	Lait fermenté ou spécialité laitière type yaourt, nature, au bifidus	Fermented milk or dairy specialty, yogurt type, plain, with bifidus	05	64.5	3.84	3.47	3.6	3.32	0.09	0.12	2.3
19550	Yaourt à la grecque, au lait de brebis	Yogurt, Greek-style, ewe's milk	05	69.1	3.84	4.99	3.4	2.6	0.0	0.0079	2.38
19553	Yaourt au lait de brebis, aromatisé, sucré	Yogurt, ewe's milk, flavoured, w sugar	05	93.7	5.04	9.33	3.7	8.3	0.0	0.12	2.52
19556	Yaourt au lait de chèvre, nature, 5% MG environ	Yogurt, goat's milk, plain, around 5% fat	05	73.4	4.15	1.12	5.2	1.12	1.5	0.09	3.52
19559	Yaourt, lait fermenté ou spécialité laitière, aromatisé, avec édulcorants, 0% MG	Yogurt, fermented milk or dairy specialty, flavoured, with sweetener, fat free	05	54.5	4.53	8.29	0.06	4.23	0	0.15	0.038
19575	Yaourt, lait fermenté ou spécialité laitière, aromatisé, sucré	Yogurt, fermented milk or dairy specialty, flavoured, with sugar	05	89.1	3.42	12.2	2.6	12.1	0.17	0.15	1.75
19580	Yaourt, lait fermenté ou spécialité laitière, aux copeaux de chocolat, à la crème, sucré	Yogurt, fermented milk or dairy specialty, with chocolate shavings, with cream, with sugar	05	122.0	3.51	14.1	5.1	14.0	1.5	0.085	3.3
19581	Yaourt, lait fermenté ou spécialité laitière, aux fruits, avec édulcorants, 0% MG	Yogurt, fermented milk or dairy specialty, with fruits, with sweetener, fat free	05	38.9	4.21	3.72	0.15	3.72	1.5	0.12	0.005
19587	Yaourt, lait fermenté ou spécialité laitière, aux fruits, sucré	Yogurt, fermented milk or dairy specialty, w fruits, with sugar	05	95.7	3.61	14.2	2.4	13.6	0.22	0.12	1.54
19589	Yaourt, lait fermenté ou spécialité laitière, aux fruits, sucré, à la crème	Yogurt, fermented milk or dairy specialty, w fruits, with sugar, with cream	05	109.0	2.42	14.5	4.28	13.7	0.21	0.093	2.84
19590	Mozzarella au lait de vache	Mozzarella cheese, from cow's milk	05	227.0	16.5	0.75	17.7	0.7	0.0	0.6	11.7
19591	Mozzarella au lait de bufflonne ou buflesse ("di bufala")	Mozzarella cheese, from buffala's milk	05	260.0	14.5	0.24	22.3	0	0.0	0.49	15.0
19593	Yaourt, lait fermenté ou spécialité laitière, nature	Yogurt, fermented milk or dairy specialty, plain	05	45.5	3.96	2.65	1.5	2.65	1.5	0.11	1.0
19594	Yaourt, lait fermenté ou spécialité laitière, nature, 0% MG	Yogurt, fermented milk or dairy specialty, plain, fat free	05	39.4	4.82	4.1	0.064	4.1	0	0.14	0.041
19598	Yaourt, lait fermenté ou spécialité laitière, nature, à la crème	Yogurt, fermented milk or dairy specialty, plain, w cream	05	115.0	3.06	3.08	9.8	3.08	0	0.088	6.51
19599	Yaourt, lait fermenté ou spécialité laitière, nature, sucré	Yogurt, fermented milk or dairy specialty, plain, w sugar	05	84.3	3.48	12.5	1.95	12.5	0	0.12	1.29
19600	Yaourt ou spécialité laitière nature (aliment moyen)	Yoghurt, plain (average)	05	56.8	3.88	4.73	2.3	4.67	0.86	0.11	1.53
19624	Yaourt ou spécialité laitière nature ou aux fruits (aliment moyen)	Yoghurt, plain or fruit (average)	05	69.4	3.65	7.47	2.5	7.24	0.71	0.11	1.65
19628	Yaourt ou spécialité laitière aux fruits (aliment moyen)	Yoghurt, fruit (average)	05	93.1	3.2	12.8	2.89	12.2	0.43	0.11	1.89
19641	Faisselle, 6% MG environ	Drained soft fresh cheese, around 6% fat	05	84.2	4.47	3.57	5.5	3.57	0	0.088	3.74
19644	Fromage blanc nature, 0% MG	Fresh cream cheese, plain, fat free	05	49.4	7.95	3.89	0.044	3.89	0	0.11	0.027
19646	Fromage blanc nature, 3% MG environ	Fresh cream cheese, plain, around 3% fat	05	76.9	8.03	3.46	3.26	3.46	0	0.11	2.12
19649	Fromage blanc nature, gourmand, 8% MG environ	Fresh cream cheese, plain, creamy, around 8% fat	05	116.0	6.19	5.25	7.65	3.33	0	0.1	4.99
19661	Fromage frais type petit suisse, aux fruits, 2-3% MG	Petit-Suisse, fresh cream cheese type, with fruits, 2-3% fat	05	92.7	6.7	9.34	2.8	9.3	1.0	0.053	1.79
19664	Fromage frais type petit suisse, nature, 4% MG environ	Petit-Suisse, fresh cream cheese type, plain, around 4% fat	05	88.8	9.95	2.84	4.0	2.84	0.0	0.083	2.74
19666	Fromage frais type petit suisse, nature, 10% MG environ	Petit-Suisse like fresh cream cheese, plain, around 9% fat	05	149.0	9.7	3.17	10.4	3.17	1.5	0.058	6.99
19667	Fromage frais type petit suisse, aromatisé ou aux fruits, 2-3% MG, enrichi en calcium et vitamine D	Petit-Suisse, fresh cream cheese type, flavoured or with fruits, 2-3% fat, fortified with calcium and vitamin D	05	90.4	5.74	10.2	2.5	10.1	1.0	0.075	1.61
19669	Spécialité laitière type encas, riche en protéines, sur lit de fruits, sucrée	Yoghurt, high in protein, on a fruit layer	05	98.3	7.46	11.5	2.29	11.3	0.0	0.083	1.56
19671	Yaourt, lait fermenté ou spécialité laitière, aromatisé ou aux fruits, 0% MG (aliment moyen)	Yogurt, fermented milk or dairy specialty, w fruits or flavoured, 0% fat (average)	05	42.4	4.29	4.92	0.13	4.01	1.12	0.12	0.015
19672	Yaourt, lait fermenté ou spécialité laitière, aromatisé ou aux fruits, non allégé en MG (aliment moyen)	Yogurt, fermented milk or dairy specialty, w fruits or flavoured, no 0% fat (average)	05	93.2	3.24	12.9	2.81	12.5	0.27	0.12	1.88
19673	Crème dessert, allégée en MG, rayon frais	Custard dessert, reduced fat, refrigerated	05	79.2	3.64	12.4	1.3	11.8	1.5	0.14	0.83
19674	Flan aux oeufs, rayon frais	Flan with eggs, refrigerated	05	111.0	4.08	18.5	2.2	16.0	0.25	0.14	1.2
19675	Yaourt, lait fermenté ou spécialité laitière, aromatisé ou aux fruits, avec édulcorants (aliment moyen)	Yogurt, fermented milk or dairy specialty, w fruits or flavoured, w sweetener (average)	05	42.4	4.29	4.92	0.13	4.01	1.12	0.12	0.015
19676	Yaourt, lait fermenté ou spécialité laitière, aromatisé ou aux fruits, sucré (aliment moyen)	Yogurt, fermented milk or dairy specialty, w fruits or flavoured, w sugar (average)	05	93.3	3.24	13.0	2.83	12.6	0.27	0.12	1.9
19677	Yaourt, lait fermenté ou spécialité laitière, aromatisé ou aux fruits, sucré, non allégé en MG (aliment moyen)	Yogurt, fermented milk or dairy specialty, w fruits or flavoured, w sugar, no 0% fat (average)	05	93.2	3.24	13.0	2.83	12.6	0.27	0.12	1.9
19679	Lait gélifié aromatisé, nappé caramel, rayon frais	Milk jelly, flavoured, covered with caramel, refrigerated	05	91.9	2.55	16.7	1.3	14.5	1.5	0.1	0.91
19682	Yaourt, lait fermenté ou spécialité laitière, aromatisé ou aux fruits (aliment moyen)	Yogurt, fermented milk or dairy specialty, w fruits or flavoured (average)	05	89.3	3.32	12.4	2.63	12.0	0.33	0.12	1.76
19685	Panna cotta, avec préparations de fruits ou caramel, rayon frais	Panna cotta, refrigerated	05	198.0	2.74	14.9	13.0	14.7	1.5	0.085	8.89
19688	Baba au rhum, préemballé	Rum baba, prepacked	07	169.0	2.83	23.6	3.86	18.2	0.87	0.24	2.77
19689	Cheesecake ou Gâteau au fromage frais, préemballé	Cheesecake, prepacked	05	330.0	4.57	31.7	20.3	21.6	0.9	0.38	12.2
19692	Dessert au soja, aux fruits, sucré, enrichi en calcium, fermenté, préemballé	Soy dessert, w fruits, sweet, fortified with calcium, prepacked	05	86.7	2.74	12.9	2.3	11.6	0.25	0.07	0.79
19693	Dessert au soja, nature, non sucré, non enrichi, fermenté, préemballé	Soy dessert, plain, not fortified, prepacked	05	44.7	3.76	2.05	1.9	0.69	0.8	0.085	0.22
19694	Dessert au soja, nature, non sucré, enrichi en calcium, fermenté, préemballé	Soy dessert, plain, fortified with calcium, prepacked	05	42.0	3.59	1.1	2.1	0.27	0.6	0.053	0.34
19695	Dessert au soja, aux fruits, sucré, non enrichi, fermenté, préemballé	Soy dessert, w fruits, sweet, not fortified, prepacked	05	78.0	3.31	11.0	1.7	10.6	1.1	0.085	0.34
19696	Dessert au soja, aux amandes, fermenté, préemballé	Soy dessert, w almonds, prepacked	05	56.0	3.65	2.85	2.8	1.09	0.6	0.19	0.38
19698	Tiramisu, préemballé	Tiramisu, prepacked	05	241.0	4.25	30.4	9.8	19.5	1.2	0.19	6.41
19801	Lait fermenté à boire, nature, maigre	Fermented milk drink, plain, skimmed milk	05	33.6	3.51	2.18	0.6	2.18	1.5	0.088	0.39
19805	Lait fermenté à boire, nature, au lait entier	Fermented milk drink, plain, whole milk	05	55.7	3.38	1.99	3.2	1.99	1.5	0.088	2.24
19852	Mousse à la crème de marrons, préemballée	Chestnut mousse, prepacked	05	207.0	2.17	34.4	6.5	28.3	1.1	0.04	4.52
20003	Betterave rouge, cuite	Beetroot, cooked	02	42.8	1.44	7.13	0.4	6.7	2.5	0.23	0.15
20004	Bette ou blette, crue	Swiss chard, raw	02	16.4	1.0	1.63	0.25	1.2	1.8	0.57	0.005
20005	Bette ou blette, cuite	Swiss chard, cooked	02	14.7	0.7	1.23	0.25	0.8	2.5	0.25	0.005
20007	Carotte, appertisée, égouttée	Carrot, canned, drained	02	21.9	0.67	3.4	0.2	2.49	1.75	0.58	0.057
20008	Carotte, cuite	Carrot, cooked	02	18.9	0.55	2.6	0.1	1.3	2.8	0.051	0.019
20009	Carotte, crue	Carrot, raw	02	40.2	0.63	7.59	0.25	6.0	2.7	0.11	0.005
20010	Champignon, tout type, cru	Mushroom, all types, raw	02	21.7	2.37	1.88	0.23	1.43	1.72	0.012	0.055
20011	Champignon, tout type, appertisé, égoutté	Mushroom, all types, canned, drained	02	24.9	1.87	2.56	0.29	2.19	2.4	1.06	0.038
20014	Chou rouge, cru	Red cabbage, raw	02	30.0	1.13	4.33	0.25	3.9	2.8	0.035	0.005
20016	Chou-fleur, cru	Cauliflower, raw	02	26.2	1.81	2.13	0.7	1.7	2.2	0.015	0.24
20017	Chou-fleur, cuit	Cauliflower, cooked	02	20.9	1.6	1.6	0.46	1.59	2.0	0.017	0.097
20019	Concombre, pulpe et peau, cru	Cucumber, pulp and peel, raw	02	15.6	0.64	2.54	0.11	1.67	0.6	0.012	0.035
20020	Courgette, pulpe et peau, crue	Courgette or zucchini, pulp and peel, raw	02	16.5	1.23	1.8	0.26	1.79	1.05	0.023	0.061
20021	Courgette, pulpe et peau, cuite	Courgette or zucchini, pulp and peel, cooked	02	15.5	0.93	1.4	0.36	1.39	1.5	0.098	0.1
20023	Céleri branche, cru	Celery stalk, raw	02	17.6	0.63	2.41	0.25	1.3	2.2	0.2	0.005
20026	Endive, crue	Chicory, raw	02	20.2	1.19	2.83	0.25	2.4	1.1	0.006	0.005
20028	Fenouil, cru	Fennel, raw	02	21.8	1.0	2.63	0.25	2.2	2.6	0.055	0.005
20030	Haricot vert, cuit	French bean, cooked	02	29.4	2.0	3.0	0.17	1.0	4.0	0.4	0.042
20036	Petits pois, appertisés, égouttés	Garden peas, canned, drained	02	81.5	5.12	10.7	0.8	3.59	5.75	0.64	0.15
20039	Poireau, cru	Leek, raw	02	32.3	1.49	4.9	0.25	3.15	2.27	0.036	0.05
20045	Radis rouge, cru	Radish, raw	02	14.5	0.94	1.53	0.25	1.1	1.4	0.04	0.005
20047	Tomate, crue	Tomato, raw	02	19.3	0.86	2.49	0.26	2.48	1.2	0.0081	0.056
20048	Tomate, pelée, appertisée, égouttée	Tomato, peeled, canned, drained	02	18.3	1.07	1.89	0.28	1.88	1.27	0.28	0.045
20050	Topinambour, cuit	Jerusalem artichoke, cooked	02	81.9	1.8	16.0	0.7	9.6	2.2	0.09	0.0
20051	Macédoine de légumes, appertisée, égouttée	Diced mixed vegetables, canned, drained	02	40.4	2.32	5.59	0.28	1.73	3.16	0.61	0.076
20055	Céleri-rave, cru	Celeriac, raw	02	29.3	1.38	3.98	0.25	1.6	4.5	0.085	0.005
20056	Champignon de Paris ou champignon de couche, cru	Button mushroom or cultivated mushroom, raw	02	28.0	2.62	3.15	0.36	2.5	1.0	0.098	0.067
20062	Haricot vert, appertisé, égoutté	French bean, canned, drained	02	23.1	1.33	2.07	0.31	0.77	3.36	0.68	0.09
20066	Maïs doux, appertisé, égoutté	Sweet corn, canned, drained	02	106.0	2.82	18.4	1.68	5.16	3.1	0.59	0.26
20068	Tomate, concentré, appertisé	Tomato paste, concentrated, canned	02	99.2	4.4	17.1	0.53	13.3	4.2	0.27	0.093
20070	Haricot vert, surgelé, cru	French bean, frozen, raw	02	34.0	1.97	4.35	0.17	1.96	3.68	0.013	0.049
20071	Haricot vert, surgelé, cuit	French bean, frozen, cooked	02	36.3	1.95	5.1	0.19	1.23	3.3	0.0038	0.042
20074	Artichaut, cuit à la vapeur sous pression	Artichoke, steamed	02	47.3	2.63	3.24	0.15	1.9	10.9	0.068	0.005
20078	Céleri branche, appertisé, égoutté	Celery stalk, canned, drained	02	13.1	0.63	1.38	0.15	0.8	2.0	0.54	0.1
20079	Champignon de Paris ou champignon de couche, appertisé, égoutté	Button mushroom or cultivated mushroom, canned, drained	02	19.4	2.23	0.7	0.37	0.0	2.5	0.63	0.065
20085	Poivron vert, cru	Sweet pepper, green, raw	02	26.0	0.81	3.43	0.25	3.0	3.2	0.006	0.005
20087	Poivron rouge, cru	Sweet pepper, red, raw	02	36.6	1.06	5.98	0.25	4.8	3.2	0.006	0.005
20089	Radis noir, cru	Radish, black, raw	02	29.2	0.94	5.52	0.15	4.3	1.2	0.058	0.005
20093	Petits pois et carottes, appertisés, égouttés	Garden peas and carrots, canned, drained	02	49.0	2.51	7.39	0.33	3.58	3.27	0.61	0.051
20097	Échalote, crue	Shallot, raw	02	63.6	1.81	12.2	0.25	3.3	2.6	0.013	0.005
20099	Mâche, crue	Lamb's lettuce, raw	02	16.8	2.0	0.5	0.25	0	2.3	0.006	0.005
20101	Légumes, mélange surgelé, crus	Mixed vegetables, frozen, raw	02	65.1	2.26	5.71	2.65	2.18	4.7	0.6	0.62
20102	Champignon de Paris ou champignon de couche, bouilli/cuit à l'eau	Button mushroom or cultivated mushroom, boiled/cooked in water	02	28.7	2.17	3.0	0.47	2.34	2.2	0.005	0.061
20103	Champignon, chanterelle ou girolle, crue	Chanterelle or girolle mushroom, raw	02	33.1	2.28	2.3	0.78	1.87	4.23	0.016	0.5
20105	Champignon, morille, crue	Morel, raw	02	24.5	3.16	0.1	0.54	0.044	3.35	0.064	0.16
20114	Champignon, pleurote, crue	Oyster mushroom, raw	02	25.5	3.06	1.5	0.36	0.71	2.4	0.034	0.062
20116	Chou blanc, cru	White cabbage, raw	02	36.5	1.38	4.63	0.6	4.2	3.5	0.033	0.27
20122	Chou-fleur, surgelé, cuit	Cauliflower, frozen, cooked	02	18.0	1.61	1.05	0.22	1.03	2.7	0.045	0.034
20123	Batavia, crue	Lettuce, var. batavia, raw	02	17.9	1.25	1.78	0.25	1.1	2.1	0.015	0.005
20125	Champignon de Paris ou champignon de couche, sauté/poêlé, sans matière grasse	Button mushroom or cultivated mushroom, sautéed/pan-fried, without fat	02	38.4	4.44	4.53	0.6	0	0.9	0.028	0.18
20126	Haricot de Lima, cru	Lima bean, raw	02	105.0	6.84	15.3	0.86	1.48	4.9	0.02	0.2
20133	Panais, cuit	Parsnip, cooked	02	67.8	1.32	13.4	0.3	4.8	3.6	0.025	0.05
20155	Artichaut, coeur, appertisé, égoutté	Artichoke, heart, canned, drained	02	26.0	1.8	2.31	0.25	1.2	3.2	0.78	0.005
20156	Artichaut, fond, appertisé, égoutté	Artichoke base, canned, drained	02	25.2	1.2	3.02	0.25	0.8	2.6	0.73	0.005
20159	Champignon, oronge vraie, crue	Caesar's mushroom or royal agaric, raw	02	23.2	2.0	2.45	0.3	1.0	1.7	0.013	0.07
20160	Champignon, cèpe, cru	Cep or boletus mushroom, raw	02	31.6	3.13	3.03	0.43	1.7	1.93	0.024	0.071
20161	Champignon, rosé des prés, cru	Field mushroom, raw	02	25.3	2.3	2.45	0.4	1.0	1.7	0.013	0.1
20168	Poivron jaune, cru	Sweet pepper, yellow, raw	02	30.7	0.94	4.73	0.3	4.3	1.2	0.006	0.11
20169	Tomate, pulpe, appertisée	Tomato pulp, canned	02	26.1	1.2	3.63	0.25	3.2	1.8	0.068	0.005
20170	Tomate, purée, appertisée	Tomato puree, canned	02	47.1	1.4	7.54	0.4	3.64	2.38	0.51	0.085
20172	Tomate cerise, crue	Tomato, cherry, raw	02	33.7	1.31	5.62	0.25	4.8	1.2	0.006	0.005
20181	Panais, cru	Parsnip, raw	02	58.3	1.54	10.1	0.4	4.8	4.7	0.02	0.063
20192	Tomate côtelée ou coeur de boeuf, crue	Tomato, beef heart, raw	02	19.8	0.5	3.23	0.25	2.8	0.9	0.006	0.005
20196	Topinambour, cru	Jerusalem artichoke, raw	02	60.7	1.94	11.5	0.31	9.6	2.1	0.0088	0.11
20198	Bambou, pousse, crue	Bamboo shoots, raw	02	35.1	2.52	5.08	0.2	3.0	1.45	0.01	0.053
20209	Carotte, surgelée, cuite	Carrot, frozen, cooked	02	32.9	0.58	4.52	0.68	4.08	3.3	0.15	0.12
20210	Concombre, pulpe, cru	Cucumber, pulp, raw	02	14.7	0.56	2.23	0.25	1.8	0.8	0.006	0.005
20211	Champignon, lentin comestible ou shiitaké, séché	Shiitake mushroom, dried	02	316.0	9.58	63.9	0.99	2.21	11.5	0.033	0.23
20212	Champignon, lentin comestible ou shiitaké, cuit	Shiitake mushroom, cooked	02	60.9	1.56	12.3	0.22	3.84	2.1	0.01	0.05
20216	Pois mange-tout ou pois gourmand, bouilli/cuit à l'eau	Snow pea, boiled/cooked in water	02	30.5	2.25	3.39	0.3	2.3	2.8	0.013	0.08
20228	Champignon de Paris ou champignon de couche, surgelé, cru	Button mushroom or cultivated mushroom, frozen, raw	02	15.9	1.8	0.83	0.25	0.25	1.97	0.02	0.1
20236	Poireau, surgelé, cru	Leek, frozen, raw	02	26.7	1.42	3.35	0.29	2.95	2.55	0.016	0.25
20238	Oignon rouge, cru	Red onion, raw	02	36.3	1.31	5.63	0.4	5.2	2.5	0.006	0.14
20239	Oignon jaune, cru	Yellow onion, raw	02	37.8	1.19	6.39	0.25	0.2	2.6	0.006	0.005
20246	Petit pot légumes, dès 4-6 mois	Baby food jar with vegetables, from 4-6 months	11	26.3	0.9	3.8	0.25	3.7	2.6	0.042	0.0
20247	Petit pot légumes, avec féculent, dès 4/6 mois	Baby food jar with vegetables and starch, from 4-6 months	11	41.7	1.3	6.45	0.8	0.5	1.75	0.022	0.088
20248	Plat légumes, avec féculent, dès 6-8 mois	Vegetable dish for baby, with starch, from 6-8 months	11	42.9	1.2	6.9	0.7	2.8	2.1	0.24	0.066
20249	Plat légumes, avec féculent et lait/crème, dès 6-8 mois	Vegetable dish for baby, with milk/cream and starch, from 6-8 months	11	70.2	2.38	9.12	2.3	4.62	1.5	0.075	0.29
20250	Plat légumes, avec féculent et lait/crème, dès 8-12 mois	Vegetable dish for baby, with milk/cream and starch, from 8-12 months	11	77.5	2.1	8.1	3.5	3.4	2.6	0.27	1.31
20251	Plat légumes, avec féculent et lait/crème, dès 12 mois	Vegetable dish for baby, with milk/cream and starch, from 12 months	11	71.6	2.88	8.53	2.3	2.37	2.4	0.2	0.26
20252	Soupe pour bébé légumes et pomme de terre	Soup for baby, with vegetables and potatoes	11	38.5	1.0	5.88	0.91	1.32	1.4	0.18	0.16
20253	Soupe pour bébé légumes, céréales et lait	Soup for baby, with vegetables, cereals and milk	11	59.5	1.5	7.19	2.5	3.23	0.9	0.21	0.41
20254	Plat légumes, avec féculent et lait/crème, dès 18 mois	Vegetable dish for baby, with milk/cream and starch, from 18 months	11	70.3	2.56	8.59	2.4	2.71	1.4	0.2	0.77
20256	Tomate, séchée, à l'huile	Tomato, dried, in oil	02	187.0	4.27	13.4	11.7	6.5	5.63	2.21	1.32
20258	Légumes (3-4 sortes en mélange), purée	Vegetables (3-4 types), mashed	02	61.8	1.94	4.25	3.4	2.4	3.3	0.63	2.17
20261	Carotte, purée	Carrots, puree	02	31.5	0.88	5.06	0.15	4.8	3.1	0.13	0.005
20262	Poêlée de légumes assaisonnés sans champignon, surgelée, crue	Vegetables pan-fried without mushrooms, frozen, raw	01	81.2	2.6	12.1	1.77	1.5	3.6	1.25	0.4
20263	Légumes pour potages, surgelés, crus	Mixed vegetables for soups, frozen, raw	02	34.1	1.44	4.69	0.44	2.5	2.86	0.052	0.11
20268	Tomate, double concentré, appertisé	Tomato paste, double concentrate, canned	02	92.8	3.73	17.0	0.29	16.5	3.62	0.93	0.0
20270	Épinard, jeunes pousses pour salades, cru	Spinach, young leaves, raw	02	18.3	2.06	0.425	0.4	0	2.4	0.063	0.09
20271	Macédoine de légumes, surgelée, pré-cuite (à recuire)	Mixed diced vegetables, raw, frozen	02	54.5	3.48	6.8	0.28	3.35	5.45	0.045	0.0
20276	Tomate ronde, crue	Tomato, round, raw	02	20.3	0.5	3.59	0.25	2.8	1.0	0.006	0.005
20277	Asperge blanche, bouillie/cuite à l'eau	Asparagus, white, boiled/cooked in water	02	18.6	1.44	1.63	0.3	1.2	1.3	0.013	0.1
20288	Salade sucrine, crue	Lettuce, sucrine, raw	02	17.9	1.13	2.58	0.15	1.78	0.8	0.006	0.005
20289	Tomate, pulpe et peau, rôtie/cuite au four	Tomato, roasted/baked, with skin	02	31.1	0.88	4.13	0.6	3.7	2.2	0.006	0.14
20290	Chou romanesco ou brocoli à pomme, cuit	Romanesco cauliflower or romanesco broccoli, cooked	02	35.8	3.0	2.03	0.8	1.6	4.3	0.006	0.27
20291	Potimarron, pulpe, cuit à l'étouffée	Red kuri squash, pulp, braised	02	44.8	1.31	7.05	0.5	4.5	3.3	0.006	0.14
20292	Courge musquée, pulpe, cuite	Pumpkin (cucurbita moschata), pulp, cooked	02	30.7	1.06	5.24	0.25	4.0	1.8	0.006	0.005
20293	Haricot coco, bouilli/cuit à l'eau	Coco bean, boiled/cooked in water	02	131.0	9.63	13.7	0.5	1.1	15.8	0.023	0.11
20295	Salade feuille de chêne, crue	Lettuce, oak-leaf, raw	02	14.3	1.13	1.03	0.25	0.6	1.8	0.023	0.005
20296	Brèdes chou de Chine ou bok choy ou pak choï, tiges et feuilles, cuites à la vapeur, prélevées à La Réunion (Brassica rapa subsp. Chinensis)	Chinese cabbageor bok choï bredes, rods and leafs, steamed, from the island La Réunion (Brassica rapa subsp. Chinensis)	02	17.7	1.69	1.7	0.15	0.4	1.3	0.038	0.005
20297	Chayote ou christophine ou chouchou, pulpe avec pépins, cuite à la vapeur, prélevée à La Réunion (Sechium edule)	Chayote, without skin, steamed, from the Island La Réunion (Sechium edule)	02	22.2	0.63	3.5	0.15	2.8	1.4	0.018	0.005
20298	Carotte, purée cuisinée à la crème, préemballée	Carrots, puree with cream	02	44.4	1.44	4.57	1.6	4.39	3.0	0.53	0.99
20299	Asperge verte, bouillie/cuite à l'eau	Asparagus, green, boiled/cooked in water	02	26.6	2.69	1.73	0.3	1.3	2.2	0.006	0.07
20300	Aubergine, pulpe et peau, rôtie/cuite au four	Eggplant, pulp and skin, roasted/baked	02	33.8	1.31	3.83	0.15	3.4	1.9	0.006	0.005
20301	Bette ou blette, côte et feuille, bouillie/cuite à l'eau	Swiss chard, leaf and stalk, boiled/cooked in water	02	16.9	0.88	1.43	0.3	1.0	2.5	0.19	0.1
20302	Brocoli, bouilli/cuit à l'eau, croquant	Broccoli, boiled/cooked in water, crunchy	02	23.5	2.5	1.23	0.4	0.8	2.6	0.043	0.1
20303	Brocoli, bouilli/cuit à l'eau, fondant	Broccoli, boiled/cooked in water, tender	02	23.1	2.19	1.03	0.5	0.6	3.0	0.033	0.14
20304	Brocoli, cuit à la vapeur	Broccoli, steamed	02	37.6	4.13	2.53	0.7	1.5	2.2	0.04	0.25
20305	Carotte, bouillie/cuite à l'eau, croquante	Carrot, boiled/cooked in water, crunchy	02	35.7	0.75	6.33	0.15	5.9	3.2	0.11	0.005
20306	Carotte, bouillie/cuite à l'eau, fondante	Carrot, boiled/cooked in water, tender	02	31.6	0.25	5.73	0.15	5.1	3.3	0.12	0.005
20307	Carotte, cuite à la vapeur	Carrot, steamed	02	41.6	0.63	7.33	0.3	6.9	3.7	0.11	0.07
20308	Chou blanc, bouilli/cuit à l'eau	White cabbage, boiled/cooked in water	02	23.5	1.0	3.23	0.15	2.8	2.7	0.018	0.005
20309	Chou de Bruxelles, bouilli/cuit à l'eau	Brussels sprout, boiled/cooked in water	02	45.4	3.19	5.4	0.15	4.1	4.8	0.023	0.005
20310	Chou rouge, cuit à l'étouffée	Red cabbage, braised	02	34.9	1.19	5.7	0.15	4.5	3.0	0.033	0.005
20311	Chou vert, bouilli/cuit à l'eau	Green cabbage, boiled/cooked in water	02	21.6	1.63	1.83	0.15	1.4	3.3	0.013	0.005
20312	Chou-fleur, cuit à la vapeur	Cauliflower, steamed	02	30.1	2.56	3.41	0.3	2.4	1.8	0.013	0.09
20313	Courgette, pulpe et peau, rôtie/cuite au four	Courgette or zucchini, pulp and peel, roasted/baked	02	23.0	1.5	3.13	0.15	2.7	1.7	0.006	0.005
20314	Céleri branche, cuit à l'étouffée	Celery stalk, braised	02	16.7	0.75	2.48	0.15	1.7	1.5	0.35	0.005
20315	Céleri rave, bouilli/cuit à l'eau	Celeriac, boiled/cooked in water	02	26.2	0.94	4.32	0.3	1.2	2.6	0.093	0.09
20316	Endive, rôtie/cuite au four	Chicory, roasted/baked	02	23.5	1.13	4.38	0.15	3.2	0.25	0.006	0.005
20317	Fenouil, cuit à l'étouffée	Fennel, braised	02	13.7	0.25	1.94	0.15	1.3	1.8	0.028	0.005
20318	Haricot beurre, bouilli/cuit à l'eau	Butter bean or yellow bean, boiled/cooked in water	02	34.6	2.19	4.45	0.3	2.2	2.7	0.006	0.09
20320	Haricot vert, bouilli/cuit à l'eau	French bean, boiled/cooked in water	02	28.0	1.75	3.39	0.15	2.5	3.2	0.006	0.005
20321	Navet, bouilli/cuit à l'eau	Turnip, boiled/cooked in water	02	21.1	0.75	3.23	0.15	2.8	2.1	0.025	0.005
20322	Oignon blanc ou jaune, sauté/poêlé sans matière grasse	Onion, white or yellow, sautéed/pan-fried, without fat	02	40.2	1.56	6.73	0.15	5.0	2.8	0.006	0.005
20323	Oignon nouveau ou oignon frais ou cébette, sauté/poêlé sans matière grasse	Spring onion, sautéed/pan-fried, without fat	02	27.6	1.13	3.56	0.3	2.8	3.1	0.006	0.09
20324	Oignon rouge, sauté/poêlé sans matière grasse	Onion, red, sautéed/pan-fried, without fat	02	42.4	1.69	7.55	0.15	6.7	2.1	0.006	0.005
20325	Panais, cuit à l'étouffée	Parsnip, braised	02	90.8	1.94	16.6	0.5	6.2	5.6	0.018	0.13
20326	Petits pois, bouillis/cuits à l'eau	Garden peas, boiled/cooked in water	02	80.3	6.38	9.93	0.6	1.6	4.8	0.023	0.15
20327	Poireau, bouilli/cuit à l'eau	Leek, boiled/cooked in water	02	27.4	2.56	2.23	0.15	1.8	3.4	0.006	0.005
20328	Poivron jaune, sauté/poêlé sans matière grasse	Pepper, sweet, yellow, sautéed/pan-fried, without fat	02	35.8	1.0	5.33	0.6	4.9	2.2	0.006	0.19
20329	Poivron rouge, sauté/poêlé sans matière grasse	Pepper, sweet, red, sautéed/pan-fried, without fat	02	35.7	0.94	6.53	0.15	6.1	2.0	0.006	0.005
20330	Poivron vert, sauté/poêlé sans matière grasse	Pepper, sweet, green, sautéed/pan-fried, without fat	02	28.6	1.25	3.53	0.3	3.1	3.0	0.006	0.1
20331	Potimarron, pulpe, bouilli/cuit à l'eau	Red kuri squash, pulp, boiled/cooked in water	02	38.2	1.06	6.88	0.3	3.5	1.8	0.006	0.08
20332	Potiron, rôti/cuit au four	Pumpkin, roasted/baked	02	30.2	0.25	5.66	0.15	4.8	2.0	0.006	0.005
20333	Salsifis, bouilli/cuit à l'eau	Salsify, boiled/cooked in water	02	57.9	2.63	9.29	0.15	2.3	4.5	0.02	0.005
20334	Tomate, rôtie/cuite au four	Tomato, roasted/baked	02	25.3	1.0	3.53	0.4	3.1	1.9	0.006	0.11
20335	Échalote, sautée/poêlée sans matière grasse	Shallot, grilled/pan-fried, without fat	02	66.9	2.0	12.3	0.4	3.8	2.9	0.006	0.12
20336	Épinard, bouilli/cuit à l'eau	Spinach, boiled/cooked in water	02	28.1	3.38	0.425	0.7	0	3.5	0.03	0.13
20337	Saucisse végétale au tofu (convient aux véganes ou végétaliens), préemballée	Plant-based sausage with tofu (vegan)	04	231.0	13.4	5.69	16.3	0.5	1.5	1.68	1.95
20338	Quenelle au tofu (ne convient pas aux véganes ou végétaliens), préemballée	Plant-based sausage with tofu (not vegan)	04	136.0	11.0	4.97	7.2	0.97	1.5	1.01	1.13
20496	Légumes pour couscous, surgelés, crus	Mixed vegetables for couscous, frozen, raw	02	46.5	2.05	6.75	0.7	3.05	2.53	0.12	0.1
20499	Légume cuit (aliment moyen)	Vegetable, cooked (average)	02	43.5	2.11	5.81	0.3	2.48	2.71	0.082	0.077
20500	Fève, bouillie/cuite à l'eau	Broad bean, boiled/cooked in water	02	82.9	8.06	9.35	0.8	0.4	3.1	0.025	0.16
20502	Haricot blanc, bouilli/cuit à l'eau	Haricot bean, boiled/cooked in water	02	112.0	6.75	12.0	1.1	0.3	13.8	0.023	0.25
20503	Haricot rouge, bouilli/cuit à l'eau	Red kidney bean, boiled/cooked in water	02	116.0	9.63	12.3	0.6	0.5	11.6	0.021	0.19
20507	Pois chiche, bouilli/cuit à l'eau	Chick pea, boiled/cooked in water	02	147.0	8.31	17.7	3.0	0.3	8.2	0.027	0.46
20513	Haricot flageolet, bouilli/cuit à l'eau	Flageolet bean, boiled/cooked in water	02	112.0	6.75	12.0	1.1	0.3	13.8	0.023	0.25
20584	Tomate grappe, crue	Tomato, bunch, raw	02	20.1	0.5	3.03	0.25	2.6	1.5	0.006	0.005
20587	Lentille verte, bouillie/cuite à l'eau	Lentil, green, boiled/cooked in water	02	127.0	10.1	16.2	0.58	0.2	8.45	0.015	0.093
20590	Crosne, cuit	Chinese or Japanese artichokes, cooked	02	50.8	2.13	9.11	0.25	0.2	1.9	0.013	0.005
20591	Protéine de soja texturée, réhydratée	Soy protein, textured, rehydrated	04	150.0	18.6	7.03	2.9	3.65	5.61	0.006	0.47
20900	Farine de soja	Soya flour	03	460.0	35.8	22.9	21.4	7.5	10.0	0.019	3.04
20901	Soja, graine entière	Soybean, whole grain	02	432.0	34.5	20.8	19.2	7.33	13.0	0.0075	2.72
20904	Tofu nature, préemballé	Tofu, plain	04	148.0	13.4	2.87	8.5	0.57	0.25	0.025	1.35
20906	Tofu soyeux, préemballé	Tofu silky	10	54.3	4.57	1.53	2.9	1.13	0.6	0.006	0.47
20911	Dessert au soja, aromatisé, sucré, enrichi en calcium, préemballé	Soy dessert, flavoured, sweet, fortified with calcium, prepacked	05	95.0	3.25	15.3	1.9	13.2	1.1	0.13	0.48
20912	Tofu fumé, préemballé	Tofu, smoked	04	164.0	14.9	2.91	9.5	0.85	0.25	0.74	1.53
20917	Tempeh	Tempeh	01	157.0	16.1	7.89	4.7	0.24	6.2	0.098	0.57
20921	Dessert au soja, aromatisé, sucré, non enrichi, préemballé	Soy dessert, flavoured, sweet, not fortified, prepacked	05	93.1	2.74	16.0	1.7	12.5	0.8	0.11	0.47
20922	Dessert végétal sans soja (amande, avoine, chanvre, coco, riz), aromatisé, sucré, non enrichi, préemballé	Plant-based dessert (almond, oat, hemp, coconut, rice), flavoured, sweet, not fortified, prepacked	05	148.0	1.66	15.8	8.0	12.4	2.1	0.065	4.92
20923	Dessert végétal sans soja (coco, riz), aux fruits, sucré, enrichi en calcium, fermenté, préemballé	Plant-based dessert without soybean (coconut, rice), with fruits, sweet, fortified with calcium, prepacked	05	76.6	0.21	16.0	1.0	10.8	0.25	0.095	0.83
20924	Sirop léger pour poire appertisée	Light syrup for canned pears	10	60.7	0.25	14.6	0.15	12.5	0.25	0.0043	
20984	Wakamé (Undaria pinnatifida), séchée ou déshydratée	Wakame (Undaria pinnatifida), dried or dehydrated	10	184.0	14.1	5.7	2.51		41.4	12.9	0.3
20985	Laitue de mer (Ulva sp.), séchée ou déshydratée	Sea lettuce (ulva sp.), dried or dehydrated)	10	206.0	15.9	13.8	2.03		34.4	4.93	0.36
20986	Kombu royal (Saccharina latissima), séchée ou déshydratée	Sea belt (Saccharina latissima), dried or dehydrated	10	204.0	10.3	23.6	1.07		29.3	9.08	0.25
20987	Nori (Porphyra sp.), séchée ou déshydratée	Laver (Porphyra sp.), dried or dehydrated	10	255.0	31.5	10.5	1.63		36.3	4.96	
20988	Dulse (Palmaria palmata), séchée ou déshydratée	Dulse (Palmaria palmata), dried or dehydrated	10	227.0	17.2	22.6	1.33		28.0	4.15	
20990	Kombu ou kombu japonais (Laminaria japonica), séchée ou déshydratée	Kombu or Japanese kelp (Laminaria japonica), dried or dehydrated	10	224.0	8.38	24.2	2.65		34.8	6.41	0.74
20991	Kombu breton (Laminaria digitata), séchée ou déshydratée	Tangle (Laminaria digitata), dried or dehydrated	10	217.0	9.51	25.6	1.13		33.2	7.87	0.15
20992	Haricot de mer (Himanthalia elongata), séchée ou déshydratée	Sea thong (Himanthalia elongata), dried or dehydrated	10	239.0	10.1	28.3	2.63		31.0	9.22	
20993	Gracilaire ou ogonori (Gracilaria verrucosa), séchée ou déshydratée	Gracilaria seaweeds (Gracilaria verrucosa), dried or dehydrated	10	243.0	16.5	18.8	3.54		35.0	7.8	
20994	Fucus vésiculeux (Fucus serratus ou Fucus vesiculosus), séché ou déshydraté	Toothed wrack or bladder wrack (Fucus serratus et vesiculosus), dried or dehydrated	10	194.0	7.41	15.7	1.33		44.6	10.1	0.35
20995	Ao-nori (Enteromorpha sp.), séchée ou déshydratée	Sea lettuce (Enteromorpha sp.), dried or dehydrated	10	224.0	13.7	18.8	2.47		36.0	11.9	0.23
20996	Lichen de mer ou pioca ou goémon rouge (Chondrus crispus), séché ou déshydraté	Carragheen mosses (Chondrus crispus), dried or dehydrated	10	234.0	16.6	21.5	2.3		30.6	5.17	0.1
20998	Ascophylle noueux ou goémon noir (Ascophyllum nodosum), séché ou déshydraté	North Atlantic rockweed (Ascophyllum nodosum), dried or dehydrated	10	211.0	7.22	18.5	2.78		41.8	7.15	
20999	Wakamé atlantique (Alaria esculenta), séchée ou déshydratée	Atlantic wakame (Alaria esculenta), dried or dehydrated	10	187.0	12.3	6.28	1.53		49.5	4.81	
21001	Mouton, viande, crue	Mutton, meat, raw	04	137.0	20.6	0	6.11		0.0	0.22	
21003	Mouton, épaule, crue	Mutton, shoulder, raw	04	204.0	18.3	0.1	14.5	0.0	0.0	0.23	7.71
21004	Mouton, pied, cru	Sheep, foot, raw	04	204.0	18.1	0	14.6		0.0	0.19	
21005	Mouton, tête, crue	Sheep, head, raw	04	204.0	18.1	0	14.6		0.0	0.19	
21006	Mouton, gigot, cru	Mutton, leg, raw	04	225.0	18.0	0	17.0		0.0	0.2	
21500	Agneau, côtelette, crue	Lamb, cutlet, raw	04	368.0	14.4	0.0	34.5	0.0	0.0	0.17	16.8
21501	Agneau, côtelette, grillée	Lamb cutlet, grilled	04	240.0	25.7	0	15.2		0.0	0.31	6.52
21502	Agneau, gigot, cru	Lamb, leg, raw	04	128.0	20.0	0.48	5.13	0.0	0.0	0.12	1.97
21503	Agneau, gigot, rôti/cuit au four	Lamb, leg, roasted/baked	04	169.0	26.8	0.0	6.85	0.0	0.0	0.19	2.63
21504	Agneau, épaule, crue	Lamb, shoulder, raw	04	170.0	18.3	0.45	10.6	0.25	0.0	0.2	3.87
21505	Agneau, épaule, maigre, crue	Lamb, shoulder, lean, raw	04	139.0	19.6	0.0	6.76	0.0	0.0	0.18	2.42
21506	Agneau, épaule, rôtie/cuite au four	Lamb, shoulder, roasted/baked	04	252.0	30.5	0.05	14.5	0.0	0.0	0.24	5.26
21507	Agneau, épaule, maigre, rôtie/cuite au four	Lamb, shoulder, lean, roasted/baked	04	197.0	24.9	0.0	10.8	0.0	0.0	0.17	4.08
21508	Agneau, collier, braisé ou bouilli	Lamb, neck, braised or boiled	04	365.0	33.6	0	25.6		0.0		
21509	Agneau, côte filet, grillée/poêlée	Lamb, chop fillet, grilled/pan-fried	04	157.0	26.3	0	5.78		0.0		2.21
21512	Agneau, côte première, grillée/poêlée	Lamb, rib chop, grilled/pan-fried	04	185.0	26.1	0.0	9.01		0.0	0.18	3.67
21513	Agneau, selle, partie maigre, rôtie/cuite au four	Lamb, saddle, lean, roasted/baked	04	153.0	26.1	0.0	5.45	0.0	0.0	0.16	2.01
21514	Agneau, collier, cru	Lamb, neck, raw	04	195.0	18.0	0	13.7		0.0	0.2	5.79
21515	Agneau, selle, crue	Lamb, saddle, raw	04	236.0	17.5	0.0	18.4	0.0	0.0	0.14	7.95
21516	Agneau, côte filet, crue	Lamb, chop fillet, raw	04	242.0	17.6	2.3	18.0	0.0	0.0	0.18	7.75
21517	Agneau, côte première, crue	Lamb, rib chop, raw	04	276.0	16.9	0.0	23.1	0.0	0.0	0.2	10.0
21518	Agneau, gigot, grillé/poêlé	Lamb, leg, grilled/pan-fried	04	174.0	27.6	0	7.08		0.0		2.63
21519	Agneau, gigot, braisé	Lamb, leg, braised	04	222.0	35.2	0	9.03		0.0		3.46
21520	Agneau, selle, partie maigre, grillée/poêlée	Lamb, saddle, grilled/pan-fried	04	153.0	26.1	0	5.45		0.0		2.05
21521	Agneau, côte ou côtelette, crue (aliment moyen)	Lamb, chop, raw (average)	04	273.0	16.3	0.92	22.6	0.063	0.0	0.19	10.1
21522	Agneau, côte ou côtelette, cuite (aliment moyen)	Lamb, chop, cooked (avergae)	04	157.0	26.3	0.0	5.78		0.0		2.21
21523	Agneau, viande, cuite (aliment moyen)	Lamb, meat, cooked (average)	04	208.0	28.1	0.011	10.6		0.0		3.66
21524	Agneau, côte ou côtelette, grillée/poêlée (aliment moyen)	Lamb, chop, grilled (average)	04	157.0	26.3	0.0	5.78		0.0		2.21
21525	Agneau, côte découverte, crue	Lamb, chop "découverte", raw	04	205.0	16.3	1.38	15.0	0.25	0.0	0.21	5.69
21800	Chevreau, cru	Young goat, raw	04	103.0	20.6	0.0	2.31		0.0	0.21	0.71
21801	Chevreau, cuit	Young goat, cooked	04	136.0	27.1	0.0	3.03	0.0	0.0	0.22	0.93
22000	Oeuf, cru	Egg, raw	04	140.0	12.7	0.27	9.83	0.27	0.0	0.31	2.64
22001	Oeuf, blanc (blanc d'oeuf), cru	Egg white, raw	04	48.1	10.8	0.85	0.19	0.71	0.0	0.42	0.0
22002	Oeuf, jaune (jaune d'oeuf), cru	Egg yolk, raw	04	307.0	15.5	1.09	26.7	0.56	0.0	0.048	8.47
22003	Oeuf, jaune (jaune d'oeuf), en poudre	Egg yolk, powder	04	660.0	34.1	2.77	57.0	0.07	0.0	0.37	17.6
22004	Oeuf, blanc (blanc d'oeuf), en poudre	Egg white, powder	04	356.0	81.2	7.73	0.0	5.4	0.0	3.2	0.0
22008	Oeuf, blanc (blanc d'oeuf), cuit	Egg white, cooked	04	47.3	10.3	1.12	0.17	0.7	0.0	0.39	0.0
22009	Oeuf, jaune (jaune d'oeuf), cuit	Egg yolk, cooked	04	340.0	16.0	1.31	30.1	0.55	0.0	0.035	8.49
22010	Oeuf, dur	Egg, hard-boiled	04	134.0	13.5	0.52	8.62	0.52	0.0	0.31	2.55
22011	Oeuf, poché	Egg, poached	04	138.0	12.5	0.71	9.47	0.37	0.0	0.2	2.99
22013	Oeuf, en poudre	Egg, powder	04	582.0	47.9	3.11	42.0	0.3	0.0	1.25	13.1
22014	Oeuf, à la coque	Egg, soft-boiled	04	142.0	12.2	1.08	9.82	0.77	0.0	0.2	2.95
22050	Oeuf de caille, cru	Quail egg, raw	04	154.0	13.1	0.41	11.1	0.4	0.0	0.35	3.56
22060	Oeuf de cane, cru	Duck egg, raw	04	181.0	13.0	1.31	13.8	0.93	0.0	0.37	3.68
22070	Oeuf d'oie, cru	Goose egg, raw	04	180.0	13.8	1.4	13.3	0.94	0.0	0.35	3.6
22080	Oeuf de dinde, cru	Turkey egg, raw	04	166.0	13.7	1.13	11.9	1.0	0.0	0.38	3.63
22501	Oeuf, au plat, frit, salé	Egg, fried, salted	04	204.0	14.3	0.74	16.0	0.4	0.0	0.36	4.21
22502	Oeuf, brouillé, avec matière grasse	Egg, scrambled, with added fat	04	145.0	9.99	1.62	11.0	1.43	0.0	0.36	3.33
22505	Oeuf, au plat, sans matière grasse	Egg, fried without added fat	04	147.0	13.8	1.01	9.72		0.0	0.4	2.71
22506	Omelette au fromage	Omelette, with cheese	04	255.0	17.7	2.56	19.3	0.4	0.0	0.58	10.1
22507	Omelette aux lardons	Omelette, with lardoons	04	267.0	12.5	1.46	23.5	0.68	0.0	0.98	9.41
22508	Omelette aux champignons	Omelette, with mushrooms	04	125.0	8.09	2.28	9.2	0.7	0.45	0.35	2.97
22509	Omelette aux fines herbes	Omelette, with herbs	04	147.0	9.5	1.98	11.2	0.8	0.55	0.43	3.6
22510	Tortilla espagnole aux oignons (omelette aux pommes de terre et oignons), préemballée	Spanish-style tortilla with onions (omelette with potatoes and onions), prepacked	04	165.0	5.56	11.7	9.9	1.22	2.7	1.06	1.55
22511	Omelette, garnitures diverses : légumes, fromages, viandes... (aliment moyen)	Omelette, with vegetables, cheese, meat	04	184.0	9.82	5.07	13.5	0.81	1.0	0.71	4.84
23032	Brownie au chocolat, préemballé	Brownie (chocolate cake)	07	458.0	5.94	50.6	25.4	35.1	3.4	0.35	7.32
23402	Pâte à pizza fine, crue	Thin-crust pizza shell, raw	03	279.0	7.71	44.6	7.01	2.21	1.87	1.89	1.52
23410	Pâte brisée, crue	Short crust pastry, raw	03	377.0	5.35	43.6	19.5	3.77	1.8	1.06	8.96
23412	Pâte brisée, matière grasse végétale, cuite	Pastry, short crust, baked	03	505.0	7.47	58.3	26.4		0.9	1.73	3.93
23414	Pâte brisée, pur beurre, crue	Short crust pastry, pure butter, raw	03	384.0	5.77	44.9	19.5	3.23	1.88	1.49	13.1
23415	Pâte brisée, pur beurre, surgelée, crue	Short crust pastry, pure butter, frozen, raw	03	387.0	5.65	43.3	20.7	7.55	1.6	0.83	11.5
23416	Pâte brisée, pur beurre, cuite	Pastry, short crust, pure butter, cooked	03	497.0	7.58	61.1	23.9	3.22	1.7	1.25	16.1
23420	Pâte feuilletée, matière grasse végétale, crue	Puff pastry, raw	03	377.0	5.41	41.4	20.4	2.31	1.87	1.15	7.57
23421	Pâte feuilletée, surgelée, crue	Puff pastry, frozen, raw	03	400.0	3.28	33.3	27.4	1.7	3.05	1.12	13.3
23422	Pâte feuilletée, cuite	Puff pastry, cooked	03	531.0	7.19	54.1	31.0	0.3	1.8	1.57	15.9
23424	Pâte feuilletée pur beurre, crue	Puff pastry, pure butter, raw	03	368.0	5.6	39.7	20.1	3.03	2.32	1.37	14.1
23425	Pâte feuilletée pur beurre, surgelée crue	Puff pastry, pure butter, frozen, raw	03	398.0	4.99	35.3	25.8	1.33	1.4	0.86	17.7
23426	Pâte feuilletée pur beurre, cuite	Puff pastry, pure butter, cooked	03	509.0	4.61	57.0	28.7	1.05	1.2	1.03	19.0
23430	Feuille de brick, cuite à sec sans matière grasse	Filo or phyllo pastry sheets, baked, without fat	03	378.0	6.16	82.4	1.76		3.0		0.28
23440	Pâte sablée, crue	Shortbread dough, raw	03	404.0	5.3	51.0	19.6	13.0	1.2	0.25	9.94
23442	Pâte sablée, cuite	Shortbread dough, cooked	03	505.0	5.7	64.4	24.6	22.9	1.5	0.27	11.8
23444	Pâte sablée pur beurre, crue	Shortbread dough, pure butter, raw	03	383.0	5.95	53.6	15.8	13.4	1.65	0.029	10.1
23445	Pâte phyllo ou Pâte filo, crue	Phyllo or filo dough, raw	03	289.0	7.1	50.8	6.0	0.18	1.9	1.21	1.47
23446	Pâte sablée pur beurre, surgelée, crue	Shortbread dough, pure butter, frozen, raw	03	423.0	4.9	60.9	17.5	21.3	1.2	0.17	12.0
23448	Pâte sablée pur beurre, cuite	Shortbread dough, pure butter, cooked	03	469.0	6.2	63.0	20.9	20.1	1.9	0.47	13.7
23467	Chouquette	Chou pastry, sugar coated	07	381.0	7.76	42.6	18.6	27.1	6.1	1.08	9.89
23472	Profiterole avec glace vanille et sauce chocolat	Profiteroles (chou pastry), with vanilla ice cream and chocolate sauce	08	286.0	5.38	31.4	14.9	19.0	1.6	0.24	8.39
23474	Profiteroles (crème pâtissière et sauce chocolat), préemballées	Profiteroles (chou pastry), with custard and chocolate sauce, prepacked	05	273.0	5.51	34.3	12.2	20.9	2.31	0.3	9.03
23480	Chausson aux pommes	Apple turnover	07	338.0	4.17	36.6	18.7	11.2	3.1	0.87	10.3
23481	Tarte normande aux pommes (garniture farine, oeufs, crème, sucre, calvados)	Apple pie with custard (flour, eggs, cream, sugar, apple alcohol)	07	313.0	4.44	38.7	15.0	25.8	2.5	0.23	8.37
23534	Gâteau de semoule aux raisins et caramel, rayon frais	Semolina pudding, with raisins and caramel sauce, refrigerated	05	146.0	3.81	24.8	3.4	19.2	0.25	0.08	2.16
23535	Gâteau de semoule, appertisé	Semolina pudding, canned	05	150.0	2.85	27.4	3.03		1.0	0.069	1.18
23536	Gâteau de riz au caramel, rayon frais	Rice pudding w caramel sauce, refrigerated	05	143.0	3.19	25.4	3.1	15.7	0.25	0.073	1.88
23849	Gaufre fine fourrée au miel, préemballée	Wafer biscuit, thin, filled with honey, prepacked	07	455.0	4.56	67.0	18.3	37.0	1.9	0.77	8.0
23880	Beignet rond moelleux, sans fourrage, saupoudré de sucre	Doughnut, plain	07	404.0	7.25	39.4	23.7	10.7	2.0	1.11	9.46
23881	Beignet à la confiture	Doughnut filled with jam	07	378.0	6.36	45.6	18.7	19.9	0.9	0.71	4.84
23884	Beignet fourré aux fruits, préemballé	Doughnut filled with fruits, prepacked	07	362.0	5.65	47.6	16.0	14.5	2.15	0.78	6.05
23885	Beignet fourré goût chocolat, préemballé	Doughnut filled with chocolate, prepacked	07	420.0	7.31	45.9	22.5	18.6	2.6	0.7	8.41
23909	Cake aux fruits, préemballé	Fruit cake, prepacked	07	360.0	4.19	55.2	12.6	35.8	2.1	0.59	1.6
24041	Biscuit aux céréales pour petit déjeuner, enrichis en vitamines et minéraux	Breakfast biscuit (cookie) with cereals, fortified with vitamins and chemical elements	07	445.0	7.44	67.7	15.7	23.4	5.3	0.87	4.12
24055	Biscuit sec fourré fruits à coque (non ou légèrement chocolaté)	Biscuit (cookie) with nuts (no chocolate or lightly chocolate-flavoured)	07	511.0	5.5	59.8	27.2	29.7	3.4	0.37	16.7
24056	Florentin (biscuit sec sucré chocolaté aux amandes)	Florentine biscuit (chocolate sweet biscuit (cookie) with almonds)	07	514.0	9.31	50.7	28.7	44.1	7.6	0.13	10.8
24313	Gaufrette, fourrée vanille, préemballée	Wafer biscuit, plain or vanilla flavoured, prepacked	07	538.0	5.75	60.1	30.1	32.9	1.6	0.36	19.9
24615	Biscuit sec ou tuile, aux amandes	Biscuit (cookie), thin, w almonds	07	471.0	7.8	68.0	18.1	39.2	2.1	0.21	5.65
24616	Biscuit sec type tuile, aux fruits	Biscuit (cookie), thin, w fruits	07	384.0	5.43	74.9	8.28	26.9	7.14	0.7	3.69
24678	Biscuit sec (génoise) nappage aux fruits, type barquette	Biscuit sponge cake with fruits covering, pre-packed	07	341.0	4.44	74.4	2.1	51.1	2.8	0.12	0.75
24689	Biscuit pour bébé	Biscuit for baby	11	439.0	7.5	73.3	12.3	24.8	2.4	0.36	4.35
25001	Blanquette de veau	Veal stew in white sauce	01	113.0	15.4	3.1	4.0	0.3	0.8	0.74	2.03
25002	Cassoulet, appertisé	White bean stew, canned	01	129.0	8.06	9.41	5.77	1.06	3.55	0.97	2.07
25003	Choucroute garnie, préemballée	Sauerkraut, with garnish, prepacked	01	109.0	5.06	2.8	8.06	0.66	2.71	1.39	3.22
25009	Hachis parmentier à la viande, préemballé	Shepherd's pie or cottage pie with meat, prepacked	01	138.0	5.99	9.39	8.22	1.47	1.43	0.83	4.7
25010	Petit salé ou saucisse aux lentilles, préemballé	Salt-cured pork belly with lentils, prepacked	01	118.0	8.24	8.89	4.87	1.51	2.83	0.98	1.89
25013	Pot-au-feu, préemballé	Boiled meat with vegetables, prepacked	01	77.5	10.9	3.2	2.02	1.5	1.5	0.32	0.82
25019	Ravioli à la viande, sauce tomate, appertisé	Ravioli filled with meat, in tomato sauce, canned	01	95.3	4.22	12.5	2.83	2.23	1.41	0.96	1.14
25020	Soufflé au fromage	Cheese soufflé	01	184.0	12.9	3.8	12.6	1.77	2.1	0.92	7.37
25029	Couscous au mouton	Couscous w mutton	01	149.0	8.31	12.2	7.2	1.38	1.3	0.81	
25031	Paëlla	Paëlla	01	148.0	7.86	17.1	4.9	1.2	1.85	0.87	1.28
25033	Boeuf bourguignon	Burgundy-style beef stew	01	84.6	8.93	4.17	3.3	1.57	1.25	0.88	0.88
25037	Gratin ou cassolette de poisson et / ou fruits de mer,  préemballé, cru	Fish or seafood au gratin, intended to be cook, prepacked	01	105.0	6.13	8.39	5.1	2.48	0.5	0.82	3.18
25038	Gratin ou cassolette de poisson et / ou fruits de mer, préemballé, cuit	Fish and shrimp 'au gratin', previously frozen, prepacked	01	117.0	6.69	5.28	7.5	1.6	0.7	0.92	4.82
25043	Couscous à la viande ou au poulet, préemballé, allégé	Couscous with meat or chicken, light, prepacked	01	90.7	5.9	11.5	1.9	2.1	2.0	0.7	0.4
25057	Poêlée de pommes de terre préfrites, lardons ou poulet, et autres, sans légumes verts, préemballée	Pre-fried potatoes, pan-fried, lardoons or chicken, and other, without green vegetables, prepacked	01	168.0	3.2	16.2	9.6	1.7	2.1	0.6	2.9
25058	Canard en sauce (poivre vert, chasseur, etc.), préemballé	Duck with sauce (green pepper sauce, hunter-style sauce,etc.) , prepacked	01	145.0	9.55	10.2	7.3		0		
25063	Lapin à la moutarde, préemballé	Rabbit with mustard sauce, prepacked	01	108.0	14.9	0.5	5.0	0.5	0.8	1.2	2.1
25065	Boeuf aux carottes	Beef stew with carrots	01	96.6	13.2	3.3	3.15	0.6	1.1	0.58	1.21
25071	Potée auvergnate (chou et porc)	Pork sausage stew with cabbage, carrots and potatoes	01	82.1	6.0	3.7	4.3	0.86	2.3	0.84	1.57
25077	Saumon à l'oseille, préemballé	Salmon with sorrel, prepacked	01	133.0	8.36	7.43	7.65	0.58	0.73	0.69	3.19
25081	Lasagnes ou cannelloni à la viande (bolognaise)	Lasagna or cannelloni with meat (bolognese sauce)	01	134.0	6.29	13.5	5.72	2.84	1.91	0.97	2.55
25085	Pâtes à la bolognaise (spaghetti, tagliatelles…)	Bolognese-style pasta (spaghetti, tagliatelle…)	01	116.0	5.32	13.6	4.07	2.64	1.9	0.83	1.42
25086	Poisson blanc à la bordelaise, préemballé	Fish w bordelaise sauce, prepacked	01	176.0	14.8	5.3	10.4	1.09	1.0	1.28	2.3
25088	Riz cantonais	Cantonese rice	01	164.0	5.46	23.6	4.94	1.28	1.74	0.86	0.75
25089	Cordon bleu de volaille, préemballé	Veal escalope cordon bleu (topped with a ham slice and Gruyere sauce), prepacked	04	226.0	14.0	14.6	12.2	2.2	0.78	1.73	3.2
25098	Cassoulet au porc, appertisé	White bean stew, with pork, canned	01	132.0	8.3	8.6	6.3	1.8	4.0	1.1	2.2
25099	Cassoulet au canard ou oie, appertisé	White bean stew, with duck or goose, canned	01	161.0	10.5	10.1	7.86	1.09	3.86	1.05	2.43
25103	Tomate farcie	Stuffed tomatoes	01	122.0	5.49	2.0	9.67	0.88	2.31	0.7	3.24
25106	Chou farci, préemballé	Stuffed cabbage, prepacked	01	94.9	5.3	2.0	6.6	2.0	3.13	0.87	
25107	Couscous au poisson	Couscous w fish	01	105.0	7.5	14.2	1.6	1.7	1.7	0.84	0.2
25108	Samossa ou Samoussa, préemballé, cuit	Samosas or samoosas, , prepacked	01	230.0	9.33	16.5	13.7	2.45	1.8	1.26	2.78
25110	Ravioli chinois à la vapeur à la crevette, cuit	Dumplings, steamed, with shrimps, cooked	01	190.0	5.5	27.8	5.5	1.1	3.6	0.96	1.55
25111	Chili con carne, préemballé	Chili con carne, prepacked	01	118.0	7.13	13.0	3.35	2.58	3.56	0.93	1.13
25121	Coq au vin	Cockerel in red wine sauce	01	133.0	13.0	4.0	7.0	1.0	0.9	1.05	1.0
25122	Gratin de pâtes	Pasta au gratin (oven grilled)	01	179.0	7.06	16.4	9.2	2.19	1.0	0.85	4.85
25123	Moussaka	Moussaka	01	147.0	5.82	5.16	10.8	3.01	2.84	0.97	3.37
25124	Navarin d'agneau aux légumes	Stewed lamb garnished with potatoes and other vegetables	01	133.0	8.05	5.0	8.61	0.9	1.65	0.63	1.4
25125	Paupiette de veau	Veal olive or veal paupiette	01	193.0	14.5	2.6	13.8	0.41	0.2	1.26	5.45
25126	Paupiette de volaille	Poultry paupiette	01	164.0	23.9	8.8	3.4		1.17	1.05	0.65
25127	Couscous royal (avec plusieurs viandes), préemballé	Couscous royal (with different meats), prepacked	01	132.0	7.69	14.0	4.53	1.57	2.1	0.88	1.54
25128	Poisson blanc à la provençale ou niçoise (sauce tomate), préemballé	White fish with Provencal-style sauce (tomato sauce), prepacked	01	75.2	9.31	3.1	2.3	2.0	2.4	0.7	0.42
25131	Lasagnes ou cannellonis aux légumes, préemballées, cuits	Lasagna or cannelloni with vegetables, prepacked	01	103.0	2.75	11.0	4.85	4.75	2.25	0.57	1.5
25135	Pâtes à la carbonara (spaghetti, tagliatelles…)	Carbonara-style pasta (spaghetti, tagliatelle…)	01	161.0	5.91	14.2	8.7	1.79	1.18	0.86	4.34
25137	Tartiflette, préemballée	Tartiflette (cheese fondue), prepacked	01	161.0	6.0	13.5	8.9	1.25	0.8	0.75	4.47
25138	Couscous au poulet	Couscous w chicken	01	130.0	7.5	15.6	3.85	2.87	1.47	0.79	1.17
25139	Lasagnes ou cannellonis au poisson, préemballées	Lasagna or cannelloni with fish, prepacked	01	148.0	7.28	13.0	7.1	2.03	1.68	1.02	2.5
25140	Poisson blanc à la florentine (sauce aux épinards), préemballé	White fish with Florentine-style sauce (spinach sauce), prepacked	01	100.0	11.4	2.9	4.35	1.95	2.0	0.56	2.75
25141	Poisson blanc à la marinière (sauce aux oignons, vin blanc, moules), préemballé	White fish with shallots, mussels and white wine sauce, prepacked	01	80.0	11.5	2.2	2.8		0		
25142	Poisson blanc à la sauce moutarde, préemballé	White fish with mustard sauce, prepacked	01	90.8	9.2	5.4	3.6		0.0		
25143	Poisson blanc à la parisienne (sauce aux champignons), préemballé	White fish with Parisian-style sauce (mushrooms sauce), prepacked	01	79.9	9.16	3.0	3.25	0.86	1.0	0.55	1.56
25145	Poisson blanc à l'estragon, préemballé	White fish with tarragon sauce, prepacked	01	77.2	8.8	4.2	2.8		0.0		
25146	Poisson blanc sauce oseille, préemballé	White fish with sorrel sauce, prepacked	01	114.0	11.8	3.9	5.5	1.65	1.0	0.88	3.31
25149	Pâtes fraîches farcies (ex : raviolis, tortellinis, ravioles du Dauphiné), au fromage, cuites	Fresh pasta, stuffed with cheese (e.g. ravioli), cooked	01	226.0	10.0	26.8	8.3	4.4	1.9	0.79	4.64
25150	Couscous de légumes, préemballé	Couscous with vegetables, prepacked	01	108.0	4.32	16.4	2.25	2.54	2.24	0.73	0.8
25151	Feuilleté au poisson et / ou fruits de mer	Fish or seafood in puff pastry	01	255.0	6.55	26.5	13.0	4.3	2.9	1.02	9.7
25152	Couscous à la viande, préemballé	Couscous w meat, prepacked	01	128.0	7.59	12.5	4.73	1.97	2.53	0.78	1.24
25154	Gratin de poisson et purée ou brandade aux pommes de terre ou parmentier de poisson, préemballé	Fish brandade or fish shepherd's pie, prepacked	01	117.0	6.39	8.57	6.15	1.62	1.1	0.81	3.68
25155	Pâtes fraîches farcies (ex : raviolis, tortellinis), au fromage et aux légumes, préemballées, cuites	Fresh pasta, stuffed with cheese and vegetables (e.g. ravioli), cooked, prepacked	01	219.0	7.94	27.8	7.5	3.53	3.4	1.05	2.36
25157	Pâtes fraîches farcies (ex : raviolis, totellinis), à la viande (ex : bolognaise), préemballées, crues	Fresh pasta, stuffed with meat (e.g. bolognese-style ravioli), prepacked, raw	01	265.0	11.4	40.3	5.79	3.91	3.15	1.28	2.45
25158	Pâtes fraîches farcies (ex : raviolis, tortellinis), à la viande (ex : bolognaise), préemballées, cuites	Fresh pasta, stuffed with meat (e.g. bolognese-style ravioli), prepacked, cooked	01	174.0	6.94	25.1	4.65	1.0	2.15	0.52	1.65
25159	Tajine de mouton	Mutton tagine	01	132.0	12.8	4.5	6.83	2.4	0.5	0.99	2.73
25163	Boeuf, boulettes cuites	Beef, meat balls, cooked	04	217.0	18.5	5.65	13.3	2.0	0.63	1.13	4.88
25164	Osso buco	Osso buco	01	96.7	11.2	3.5	4.08	1.1	0.6	1.47	0.8
25169	Spécialité chinoise type bouchée à la vapeur, préemballée, cuite	Chinese specialty or dumplings, prepacked	01	149.0	5.9	28.0	1.4	3.9	0.21	1.26	0.31
25172	Viande en sauce (aliment moyen)	Meat in sauce (average)	01	104.0	11.3	3.65	4.6	1.34	1.08	0.85	1.8
25173	Veau, escalope panée, cuite	Veal, bread escalope, cooked	04	271.0	22.9	12.6	14.1	0.49	0.94	0.98	2.42
25174	Poulet au curry et au lait de coco	Chicken with curry and coconut milk sauce	01	124.0	10.6	3.15	6.9	1.49	1.1	1.07	3.03
25175	Meloukhia, plat à base de boeuf et corete, fait maison	Molokhia, jute and beef-based meal, home-made	01	189.0	10.6	1.2	14.7	1.2	4.7	0.93	
25181	Pâtes fraîches farcies (ex : raviolis, tortellinis, ravioles du Dauphiné), au fromage, préemballées, crues	Fresh pasta, stuffed with cheese (e.g. ravioli, prepacked, raw	01	268.0	11.3	37.3	7.69	3.83	2.23	1.13	4.28
25182	Pâtes fraîches farcies (ex : raviolis, tortellinis), au fromage et aux légumes, préemballées, crues	Fresh pasta, stuffed with cheese and vegetables (e.g. ravioli), prepacked, raw	01	262.0	9.98	41.4	5.69	3.46	2.87	1.07	2.74
25183	Nouilles sautées/poêlées aux crevettes	Noodles with shrimps sautéed/pan-fried	01	104.0	4.88	12.6	3.4	1.7	1.6	0.84	1.16
25184	Riz blanc, avec poulet, préemballé, cuit	White rice, with chicken, prepacked, cooked	01	175.0	4.23	31.5	3.19	3.48	0.99	0.78	0.52
25185	Riz blanc, avec légumes et viande, préemballé, cuit	White rice, cooked, with vegetables and meat, prepacked	01	167.0	4.61	28.3	3.57	1.91	0.98	0.85	0.69
25186	Boulettes au porc et au boeuf (à la suédoise), préemballées, crues	Meat balls, pork and beef, (Swedish-style), prepacked	04	260.0	14.4	7.78	18.6	0.8	0.8	1.51	6.99
25187	Risotto, aux légumes, préemballé	Risotto, w vegetables, prepacked	01	120.0	2.74	18.4	3.8	0.85	0.25	0.76	2.0
25188	Risotto, aux fruits de mer, préemballé	Risotto, w seafood, prepacked	01	130.0	5.47	12.5	6.07	2.02	1.15	0.85	2.92
25189	Risotto, aux fromages, préemballé	Risotto, w cheeses, prepacked	01	195.0	5.65	30.9	5.16	0.58	0.7	0.82	2.49
25190	Poulet basquaise, préemballé	Chicken, Basque style, prepacked	01	107.0	9.3	2.5	6.4	2.0	1.3	0.89	1.7
25192	Raviolis aux légumes, sauce tomate, appertisés	Ravioli filled with vegetables, in tomato sauce, canned	01	91.1	2.88	13.5	2.45	2.83	1.7	0.76	0.48
25193	Pâtes fraîches farcies (ex : raviolis, tortellinis), aux légumes, préemballées, cuites	Fresh pasta, stuffed with vegetables (e.g. ravioli), prepacked, cooked	01	156.0	5.19	20.9	4.9	1.9	3.7	0.49	1.93
25194	Boulettes au boeuf et à l'agneau (type kefta), préemballées, crues	Meat balls, beef and lamb (kefta type), prepacked, raw	04	247.0	15.7	9.46	15.7	1.2	0.8	1.03	5.81
25195	Parmentier de canard, préemballé	Shepherd's pie with duck, prepacked	01	146.0	6.82	8.51	9.06	1.96	1.55	0.81	4.5
25198	Pâtes en sauce aux fromages (spaghetti, tagliatelles…), préemballées	Pasta with cheese sauce (spaghetti, tagliatelle…), prepacked	01	163.0	7.17	15.9	7.4	5.85	1.85	0.8	4.35
25200	Palette à la diable, préemballée	Devilled pork shoulder in mustard sauce, prepacked	01	120.0	13.5	2.08	6.07	1.38	1.45	2.25	2.2
25201	Langue de boeuf sauce madère, préemballée	Beef tongue with Madeira wine sauce, prepacked	01	180.0	9.5	4.5	13.5	2.5	1.0	1.08	6.0
25203	Pâtes fraîches farcies (ex : raviolis, tortellinis), aux légumes, préemballées, crues	Fresh pasta, stuffed with vegetables (e.g. ravioli), prepacked, raw	01	255.0	9.4	41.4	5.06	3.14	3.02	0.81	1.74
25204	Tajine de poulet, préemballé	Chicken tagine, prepacked	01	127.0	7.54	14.4	3.7	6.8	3.0	1.17	0.4
25205	Chop suey (porc ou poulet), préemballé	Chop suey (pork or chicken), prepacked	01	78.2	5.0	7.8	3.0		0		
25207	Porc au caramel, préemballé	Pork with caramel sauce, prepacked	01	136.0	10.0	11.4	5.4	7.9	0.7	1.34	1.44
25210	Saumon farci, préemballé	Stuffed salmon, prepacked	01	227.0	18.8	0.4	16.2	0.4	2.4	0.65	3.8
25211	Boulettes au boeuf, à la sauce tomate, préemballées	Meat balls, beef, with tomato sauce, prepacked	01	117.0	9.0	5.5	6.5		0		
25213	Paupiette de veau, préemballée,  cuite au four	Veal paupiette, prepacked, cooked in oven	01	276.0	22.0	0.48	20.5	0.3	0.9	1.07	8.19
25216	Pâtes fraîches farcies (ex : raviolis, tortellinis), cuites (aliment moyen)	Pasta (e.g. ravioli), filled, cooked	01	199.0	7.98	25.7	6.53	2.82	2.52	0.72	2.88
25217	Feuille de vigne farcie au riz ou dolmas, égouttée, préemballée	Vine leaf stuffed wih rice or dolmas, drained, prepacked	01	150.0	2.5	18.6	6.5	0.8	2.6	1.34	0.85
25218	Lasagnes ou cannellonis aux légumes, préemballés, cuits	Lasagna or cannelloni with vegetables, prepacked, cooked	01	122.0	4.38	11.8	5.9	4.3	0	0.6	1.91
25219	Lasagnes ou cannellonis aux légumes et au fromage de chèvre, préemballés, cuits	Lasagna or cannelloni with vegetables and goat cheese, prepacked, cooked	01	179.0	7.0	14.0	10.2	2.3	1.4	0.85	5.23
25220	Choucroute, sans garniture, égouttée, cuite	Sauerkraut, without garnish, drained, cooked	01	75.3	1.38	0.05	6.6	0.1	4.5	1.26	2.02
25223	Bouchées ou émincé végétal au soja et blé (convient aux véganes ou végétaliens), préemballé	Soy and wheat burger or bite (vegan)	04	157.0	19.5	6.76	3.7	2.57	4.86	1.68	0.66
25224	Bouchées ou émincé au soja et blé  (ne convient pas aux véganes ou végétaliens), préemballé	Soy and wheat burger or bite (not vegan)	04	185.0	17.6	8.19	7.0	2.07	5.24	1.24	0.55
25225	Nuggets de blé (sans soja), préemballé	Wheat-based nuggets (wo soybean)	01	284.0	12.6	22.4	14.9	1.33	2.55	0.67	1.48
25226	Nuggets soja et blé (ne convient pas aux véganes ou végétaliens), préemballé	Soybean and wheat-based nuggets (not vegan)	01	253.0	14.1	18.5	12.6	3.17	4.18	1.18	1.34
25227	Nuggets soja et blé (convient aux véganes ou végétaliens), préemballé	Soybean and wheat-based nuggets (vegan)	01	251.0	15.5	19.7	10.9	1.75	5.38	1.39	1.14
25228	Pané soja et blé (ne convient pas aux véganes ou végétaliens)	Schnitzel, soybean and wheat-based (not vegan)	01	260.0	14.4	16.8	13.9	1.28	4.39	1.03	1.45
25229	Bâtonnet pané soja et blé (convient aux véganes ou végétaliens), préemballée	Schnitzel, soybean and wheat-based (vegan)	01	245.0	16.9	18.8	10.0	0	5.41	1.13	1.1
25230	Escalope panée, soja, blé et fromage, type cordon bleu, préemballée	Schnitzel, soybean, wheat and cheese-based, cordon bleu-style	01	247.0	15.2	15.1	13.1	2.05	3.28	1.5	3.02
25231	Raviolis au tofu, à la sauce tomate, préemballés	Ravioli filled with tofu, w tomato sauce	01	91.7	3.13	12.5	2.7	3.14	2.1	0.81	0.41
25232	Saucisse végétale au blé ou seitan, préemballé	Plant-based sausage with wheat or seitan	04	250.0	27.1	7.53	10.5	1.74	4.6	1.82	2.79
25233	Galette de céréales au fromage (sans soja), préemballé	Cereal burger with cheese (without soybean)	01	241.0	7.0	27.8	10.3	2.86	4.3	1.0	2.56
25234	Galette de céréales aux légumes (sans soja), préemballé	Cereal burger with végétables (without soybean)	01	211.0	5.31	28.0	7.6	3.66	4.4	1.03	0.89
25399	Feuilleté aux escargots, préemballé	Snails in puff pastry, prepacked	01	321.0	6.69	23.1	22.1	1.09	1.74	1.17	13.2
25401	Feuilleté ou Friand au fromage	Cheese in puff pastry	01	302.0	8.25	28.1	17.1	3.86	1.3	1.58	10.2
25402	Feuilleté ou Friand à la viande, préemballé	Meat in puff pastry, prepacked	01	348.0	9.59	25.9	22.6	1.17	1.63	1.55	10.6
25403	Hot-dog, préemballé	Hot-dog, prepacked	01	278.0	10.9	26.3	13.8	5.2	1.6	1.69	5.18
25404	Pizza au fromage ou Pizza margherita, préemballée	Pizza, cheese and tomato or Margherita pizza, prepacked	01	227.0	8.93	29.6	7.64	2.72	1.67	1.24	3.4
25405	Quiche lorraine, préemballée	Quiche Lorraine (eggs and lardoons quiche), prepacked	01	274.0	8.96	21.0	16.8	2.67	1.29	1.28	8.63
25409	Crêpe ou Galette fourrée béchamel jambon, préemballée	Crepe, filled with ham, prepacked	01	136.0	5.75	18.7	4.0	1.89	1.2	0.84	0.95
25410	Crêpe ou Galette fourrée béchamel jambon fromage, préemballée	Crepe or buckwheat crepe, filled with cheese, ham and bechamel sauce, prepacked	01	182.0	8.83	19.1	7.5	1.7	1.55	1.1	3.9
25411	Crêpe ou Galette fourrée béchamel champignon, préemballée	Crepe or buckwheat crepe, filled with mushrooms and bechamel sauce, prepacked	01	150.0	4.83	20.7	5.02	2.7	1.32	0.99	0.92
25412	Bouchée à la reine, à la viande/volaille/quenelle	Vol-au-vent, with meat/poultry/quenelle	01	292.0	6.12	23.5	18.9	2.6	1.65	1.27	9.66
25413	Hamburger, provenant de fast food	Hamburger, from fast foods restaurant	01	246.0	13.3	28.3	8.44	5.95	1.8	1.23	2.82
25414	Cheeseburger, provenant de fast food	Cheeseburger, from fast foods restaurant	01	268.0	13.7	23.1	12.9	5.47	1.8	1.33	5.07
25415	Double cheeseburger, provenant de fast food	Cheeseburger, double, from fast foods restaurant	01	299.0	15.5	21.5	16.7		0.5	1.15	6.32
25416	Burger au poisson, provenant de fast food	Fish burger, fast foods restaurant,from fast-food	01	263.0	12.2	26.7	11.5	3.9	1.5	1.1	4.92
25417	Tarte aux légumes, préemballée	Vegetables tart, prepacked	01	216.0	5.0	21.8	11.7	3.2	1.7	0.98	6.0
25418	Croissant au jambon	Croissant filled with ham	01	243.0	7.9	19.2	14.6	2.6	1.53	1.1	8.5
25419	Rouleau de printemps	Spring roll	01	103.0	4.57	16.6	1.82	3.6	1.2	0.29	0.66
25420	Nem ou Pâté impérial	Egg roll or Nem	01	216.0	6.48	21.1	11.2	3.02	2.54	1.52	2.9
25428	Sandwich grec ou Kebab, pita, crudités	Sandwich made with pita bread, kebab and raw vegetables	01	233.0	15.2	17.4	10.9	1.1	2.3	1.23	3.57
25429	Sandwich grec ou Kebab, baguette, crudités	Sandwich made with French bread, kebab and raw vegetables	01	246.0	15.0	23.6	9.8	2.6	2.0	1.13	4.26
25431	Sandwich baguette, thon, crudités (tomate, salade), mayonnaise	Sandwich made with French bread, tuna, raw vegetables (tomato and lettuce) and mayonnaise	01	274.0	10.3	32.0	11.3	1.4	1.78	1.28	2.54
25433	Accra de poisson	Caribbean-style fish fritters, fish acras	04	275.0	12.4	15.1	17.6	2.55	3.0	1.24	2.3
25434	Sandwich panini, jambon cru, mozzarella, tomates	Sandwich made with panini bread, raw cured ham, mozzarella cheese and tomato	01	243.0	14.2	27.2	8.35		1.4	1.24	
25435	Pizza jambon fromage, préemballée	Pizza, ham and cheese, prepacked	01	218.0	10.3	28.0	6.69	2.91	2.34	1.5	3.2
25437	Gougère	Small cheese chou-pastry puff	01	399.0	16.2	22.7	26.6	0.56	1.9	1.13	16.0
25438	Brick garni (garniture : crevettes, légumes, volaille, viande, poisson, etc.), fait maison, cuit	Fritter, filled (filo pastry) (garnish : shrimps, vegetables, poultry, meat, etc.), home-made, cooked	01	187.0	12.2	8.48	11.5	0.72	0.59	1.41	2.77
25444	Tarte au fromage, préemballée	Cheese tart, prepacked	01	289.0	10.3	20.7	18.0	1.63	1.57	1.07	9.93
25454	Tarte à la provençale, préemballée	Provencal-style tart, prepacked	01	241.0	5.5	20.0	14.3	2.9	5.3	0.8	4.15
25456	Sushi ou Maki aux produits de la mer	Sushi or maki with seafood products	01	171.0	6.69	26.9	3.7	4.93	0.9	0.55	0.6
25457	Pizza à la viande, type bolognaise, préemballée	Pizza, bolognese-style w meat, prepacked	01	227.0	10.3	27.2	8.03	2.94	2.16	1.32	2.85
25459	Burritos	Burritos	01	170.0	8.0	14.3	8.5	1.9	1.9	0.75	4.33
25460	Fajitas	Fajitas	01	158.0	12.7	16.0	4.5	2.2	1.4	0.89	1.96
25462	Pizza au chorizo ou salami, préemballée	Pizza, chorizo or salami, prepacked	01	248.0	10.4	26.5	10.7	3.29	2.04	1.54	4.55
25463	Pizza aux fruits de mer, préemballée	Pizza, seafood, prepacked	01	200.0	10.3	24.6	6.65	1.5	0.5	1.25	2.5
25464	Pizza au saumon, préemballée	Pizza, salmon, prepacked	01	231.0	10.1	26.7	8.78	3.04	2.31	1.22	2.9
25468	Pizza au chèvre et lardons, préemballée	Pizza, goat cheese and lardoons, prepacked	01	245.0	10.7	26.9	9.96	3.17	2.36	1.49	4.83
25472	Pizza aux légumes ou Pizza 4 saisons, préemballée	Pizza, vegetables or pizza 4 seasons, prepacked	01	214.0	8.48	25.7	8.0	3.62	2.81	1.1	3.1
25475	Sandwich baguette, jambon, oeuf dur, crudités (tomate, salade), beurre	Sandwich made with French bread, hard-boiled egg, raw vegetables (tomato and lettuce) and butter	01	222.0	10.1	30.9	5.98	2.55	1.88	1.45	3.01
25476	Sandwich baguette, poulet, crudités (tomate, salade), mayonnaise	Sandwich made with French bread, chicken, raw vegetables (lettuce & tomato) and mayonnaise	01	247.0	10.0	36.3	6.35	3.0	2.23	1.39	0.92
25477	Pizza champignons fromage, préemballée	Pizza, cheese and mushrooms, prepacked	01	217.0	7.8	31.6	6.1	1.9	2.4	1.13	2.1
25478	Pizza 4 fromages, préemballée	Pizza, four cheeses, prepacked	01	267.0	13.1	28.2	10.5	2.61	2.7	1.11	5.51
25479	Gnocchi à la semoule, cuit	Gnocchi, from semolina, cooked	03	185.0	5.6	34.4	2.4	0.2	1.8	1.2	0.4
25485	Sandwich baguette, jambon emmental, préemballé	Sandwich made with French bread, ham and emmental cheese, prepacked	01	285.0	13.3	26.9	13.1	2.55	3.0	1.58	5.3
25488	Sandwich baguette, saumon fumé, beurre	Sandwich made with French bread, smoked salmon and butter	01	265.0	11.5	40.8	5.6	2.65	2.4	1.89	2.49
25490	Sandwich baguette, thon, maïs, crudités, préemballé	Sandwich made with French bread, tuna, sweet corn and raw vegetables, prepacked	01	198.0	8.87	25.0	6.03	2.83	3.93	1.02	1.02
25502	Burger au poulet	Chicken burger , fast foods restaurant	01	249.0	12.7	23.8	11.0	2.9	1.2	1.16	1.88
25503	Bouchée à la reine, au poisson et fruits de mer	Vol-au-vent with fish and seafood	01	206.0	6.72	13.4	13.8	2.43	1.05	1.13	7.41
25504	Brochette de volaille	Poultry on skewer	04	195.0	18.6	0.8	13.0	0.0	0.0	0.29	2.0
25505	Brochette de boeuf	Beef on skewer	04	191.0	17.1	1.02	12.9	0.0	1.0	0.13	3.12
25506	Brochette mixte de viande	Mixed meat on skewer	04	208.0	19.7	1.02	13.8	1.01	0.33	0.61	2.51
25508	Feuilleté ou Friand jambon fromage	Ham and cheese in puffed pastry	01	290.0	8.46	25.7	16.7	3.65	1.9	1.29	10.8
25509	Préparation à base de fromage(s) pour fondue savoyarde, préemballée	Savoy-style fondue cheese preparation (cheese, wine ...), prepacked	01	231.0	16.2	2.6	17.2	1.1	0.0	1.28	12.0
25510	Gnocchi à la pomme de terre, cuit	Gnocchi, from potato, cooked	03	177.0	5.01	33.6	2.05	1.1	2.0	1.01	0.26
25511	Légumes farcis (sauf tomate)	Stuffed vegetables (excluding tomato)	01	69.8	6.4	3.6	3.0	2.59	1.4	0.69	0.46
25512	Volaille, croquette panée ou nuggets	Poultry nuggets	04	239.0	13.1	16.2	13.2	1.07	1.7	1.2	2.42
25513	Pan bagnat	Large round sandwich with lettuce, tuna, anchovy and black olives	01	215.0	7.95	30.3	6.48	3.2	1.98	1.03	0.98
25516	Pizza (aliment moyen)	Pizza (average)	01	233.0	10.7	27.3	8.39	2.93	2.38	1.27	3.93
25517	Sandwich baguette, jambon, beurre	Sandwich made with French bread, ham and butter	01	285.0	9.93	33.7	11.5	2.34	3.17	1.69	5.92
25518	Sandwich baguette, camembert, beurre	Sandwich made with French bread, camembert cheese and butter	01	339.0	11.9	34.3	16.7	2.18	1.92	1.72	10.4
25519	Sandwich baguette, pâté, cornichons	Sandwich made with French bread, pâté and pickles	01	298.0	10.1	32.1	13.9	2.44	1.99	1.8	6.12
25520	Sandwich baguette, saucisson, beurre	Sandwich made with French bread, dry sausage and butter	01	383.0	13.7	32.0	21.6	2.36	3.05	2.07	9.43
25521	Sandwich baguette, jambon, emmental, beurre	Sandwich made with French bread, ham, emmental cheese and butter	01	286.0	12.2	32.7	10.9	2.87	4.17	1.54	5.3
25522	Sandwich (aliment moyen)	Sandwich (average)	01	243.0	14.2	27.2	8.35		1.4	1.24	
25523	Toasts ou Canapés salés, garnitures diverses, préemballés	Canapés (toasts w various toppings), prepacked	01	233.0	9.09	17.8	13.3	5.75	2.8	1.11	5.94
25525	Pizza, sauce garniture pour	Topping sauce for pizza	10	38.5	2.12	3.2	0.73	3.2	4.17	0.59	0.1
25528	Pissaladière, préemballée	Pizza, onion anchovy and black olives, prepacked	01	284.0	6.4	33.8	13.1	2.9	2.5	2.21	1.5
25529	Tarte à l'oignon, préemballée	Onion tart, prepacked	01	280.0	7.0	23.5	17.2	5.63	1.9	0.87	7.5
25530	Sandwich baguette, crudités diverses, mayonnaise	Sandwich made with French bread, raw vegetables and mayonnaise	01	221.0	6.54	30.0	7.9	2.67	2.18	1.07	1.69
25531	Sandwich baguette, dinde, crudités (tomate, salade), mayonnaise	Sandwich made with French bread, turkey, raw vegetables (lettuce & tomato) and mayonnaise	01	255.0	12.4	30.6	8.82	2.24	1.86	1.1	1.94
25532	Sandwich baguette, oeuf, crudités (tomate, salade), mayonnaise	Sandwich made with French bread, egg, raw vegetables (tomato and lettuce) and mayonnaise	01	247.0	8.52	30.9	9.47	2.38	1.89	1.13	2.18
25533	Sandwich baguette, porc, crudités (tomate, salade), mayonnaise	Sandwich made with French bread, pork, raw vegetables (lettuce & tomato) and mayonnaise	01	267.0	12.0	30.1	10.6	2.3	1.86	1.1	2.61
25535	Sandwich baguette, merguez, ketchup moutarde	Sandwich made with French bread, merguez sausage, ketchup and mustard	01	282.0	13.1	31.0	11.4	2.92	1.81	2.12	5.2
25536	Sandwich baguette, salami, beurre	Sandwich made with French bread, salami and butter	01	379.0	12.5	33.2	21.4	2.01	1.82	2.76	9.65
25537	Carpaccio de saumon avec marinade	Salmon carpaccio, w marinade	04	194.0	19.8	0.22	12.7	0.0	0.0	0.098	2.44
25538	Carpaccio de boeuf, avec marinade	Beef carpaccio, w marinade	01	271.0	15.2	0.55	23.0	0.5	0.36	1.12	7.38
25539	Brochette de poisson	Fish on skewer	01	127.0	18.0	0.86	5.71	0.85	0.29	0.56	0.98
25540	Brochette de crevettes	Shrimps on skewer	01	93.5	18.5	1.5	1.5	0.0	0.0	0.35	0.1
25541	Brochette d'agneau	Lamb on skewer	04	112.0	12.6	2.54	5.1	1.57	2.6	0.48	1.41
25542	Croque-madame	Toasted ham sandwich topped with grated cheese and a fried egg	01	264.0	13.7	16.9	15.5	1.37	1.13	1.29	7.42
25543	Sandwich baguette (aliment moyen)	Sandwich on french bread (average)	01	277.0	11.2	31.4	11.6	2.46	2.38	1.54	4.45
25544	Sandwich pain de mie, garnitures diverses, préemballé	Sandwich made with loaf bread, various filling, prepacked	01	267.0	11.7	25.1	12.4	3.42	3.83	1.17	4.96
25546	Fromage pané au jambon	Cheese and ham, breaded	01	263.0	17.4	15.3	14.6	1.5	0.5	2.32	7.15
25547	Croque-monsieur, préemballé	Grilled cheese & ham sandwich, prepacked	01	273.0	11.3	26.8	12.9	2.14	2.45	1.57	6.5
25548	Pizza jambon fromage champignons ou pizza royale, reine ou regina, préemballée	Pizza, ham cheese and mushrooms, prepacked	01	205.0	9.54	25.7	6.66	3.16	2.3	1.3	2.91
25549	Crêpe ou Galette fourrée béchamel fromage, préemballée	Crepe or buckwheat crepe, filled with cheese and bechamel sauce, prepacked	01	149.0	6.02	17.7	5.75	3.86	1.05	0.92	2.02
25550	Flammenkueche ou Tarte flambée aux lardons, préemballée	Flamed tart (thin-crusted onion tart with cream and lardoons), prepacked	01	300.0	8.81	31.8	14.8	4.15	1.7	1.64	6.27
25551	Beignet de viande, volaille ou poisson, fait maison, cru	Meat, poultry or fish fritters, home-made, raw	01	238.0	18.7	10.0	13.5	0.92	0.41	0.71	2.88
25552	Crêpe ou Galette fourrée béchamel jambon fromage champignon, préemballée	Crepe or buckwheat crepe, filled with cheese, ham, mushrooms and bechamel sauce, prepacked	01	159.0	8.3	16.6	6.3	2.7	1.2	0.95	1.5
25553	Tarte ou Tourte aux poireaux, préemballée	Leek tart or pie, prepacked	01	243.0	5.76	21.6	14.3	2.34	2.48	0.96	7.72
25555	Tarte au saumon, préemballée	Salmon tart, prepacked	01	215.0	8.53	21.0	10.5	1.63	1.4	0.84	6.3
25557	Brick à l'oeuf, fait maison, cuit	Fritter, filled with eggs (filo pastry), home-made, cooked	01	255.0	10.4	12.3	18.1	1.6	0.5	1.35	
25558	Brick au boeuf	Fritter, filled with beef (filo pastry)	01	342.0	10.4	33.5	17.0	3.2	6.8	3.76	
25559	Brick à la pomme de terre, fait maison, cuit	Fritter, filled with potatoes (filo pastry), home-made	01	215.0	3.25	19.6	13.4	1.5	1.7	1.0	
25560	Tourte au riesling, préemballée	Riesling wine and pork pie, prepacked	01	251.0	10.2	23.7	12.6	2.25	1.2	1.45	6.2
25561	Tarte à la tomate, préemballée	Tomato tart, prepacked	01	218.0	5.17	19.3	12.8	4.2	2.9	0.8	7.67
25562	Crêpe ou Galette complète (oeuf, jambon, fromage), préemballée	Crepe or buckwheat crepe, filled with egg, ham and cheese, prepacked	01	209.0	12.7	15.2	9.8	1.1	4.5	1.12	6.02
25564	Tarte aux noix de Saint-Jacques, préemballée	Scallops tart, prepacked	01	266.0	8.25	24.2	14.5	2.5	3.0	1.12	5.9
25565	Yakitori (brochettes japonaises grillées en sauce)	Yakitori (grilled meat on skewers, Japanese-style, with sauce)	01	172.0	26.0	9.3	3.3	6.6	0.6	1.19	1.2
25566	Brochette de porc, crue	Pork on skewer, raw	04	131.0	15.6	2.1	6.5	1.1	1.0	0.81	2.4
25568	Pastilla au poulet, préemballée	Pastilla, filled with chicken (pie), prepacked	01	218.0	12.3	14.1	12.2	3.85	1.5	1.5	1.75
25570	Pizza aux lardons, oignons et fromage, préemballée	Pizza, lardoons onions and cheese, prepacked	01	255.0	11.2	27.7	10.6	3.7	2.2	1.1	6.0
25571	Falafel ou Boulette de pois-chiche et/ou fève, frite	Falafel	01	252.0	8.25	18.7	14.4	1.4	7.7	1.6	1.5
25572	Crêpe ou Galette aux noix de St Jacques, préemballée	Crepe or buckwheat crepe, filled with scallops, prepacked	01	168.0	7.7	15.8	8.0	2.8	1.2	1.18	2.4
25573	Tarte ou quiche salée (aliment moyen)	Savoury tart (average food)	01	267.0	8.11	22.7	15.6	3.14	1.76	1.21	7.83
25574	Sandwich pain de mie complet, jambon, crudités, fromage optionnel, préemballé	Sandwich made with wholemeal loaf bread, ham, raw vegetables, cheese (optional), prepacked	01	243.0	10.0	23.1	11.6	2.43	3.06	1.42	2.86
25575	Sandwich pain de mie complet, thon, crudités, mayonnaise, préemballé	Sandwich made with wholemeal loaf bread, tuna, raw vegetables and mayonnaise, prepacked	01	240.0	9.82	23.1	11.3	2.49	3.46	1.08	1.3
25576	Sandwich pain de mie complet, jambon, fromage, préemballé	Sandwich made with wholemeal loaf bread, ham and cheese, prepacked	01	292.0	12.9	26.1	14.6	7.75	2.0	1.33	6.45
25577	Sandwich pain de mie complet, poulet, crudités, mayonnaise, préemballé	Sandwich made with wholemeal loaf bread, chicken, raw vegetables and mayonnaise, prepacked	01	232.0	9.18	23.7	10.4	2.61	3.63	1.3	2.48
25578	Feuilleté salé (aliment moyen)	Puff pastry, savoury (average)	01	301.0	8.39	26.1	17.8	3.03	1.65	1.43	10.1
25579	Gnocchi, cuit (aliment moyen)	Gnocchi, cooked (average)	03	181.0	6.34	34.0	7.88	0.65	1.9	1.06	0.33
25580	Bouchée à la reine, garnie (aliment moyen)	Vol-au-vent, filled (average)	01	249.0	6.42	18.4	16.3	2.52	1.35	1.2	8.53
25581	Crêpe ou Galette fourrée béchamel champignon, cuite, préemballée	Crepe or buckwheat crepe, filled with mushrooms and bechamel sauce, prepacked, cooked	01	172.0	5.5	18.5	7.7	3.16	3.4	0.76	2.48
25582	Nem ou Pâté impérial, au poulet, préemballé, cuit	Egg roll or Nem, with chicken, prepacked, cooked	01	197.0	8.06	20.9	8.1	1.9	3.3	1.19	1.25
25583	Nem ou Pâté impérial, au porc, préemballé, cuit	Egg roll or Nem, with pork, prepacked, cooked	01	237.0	6.88	22.6	12.7	1.9	2.4	1.14	3.07
25584	Nem ou Pâté impérial, aux crevettes et/ou au crabe, préemballé, cuit	Egg roll or Nem, with shrimp and/or crab, prepacked, cooked	01	213.0	7.44	23.7	9.2	2.4	2.7	1.2	1.13
25585	Brochette de boeuf, cuite	Beef on skewer, with vegetables (onion, sweet pepper…), cooked	01	139.0	21.9	0.33	5.2		1.5	0.86	1.8
25586	Brochette de volaille, cuite	Poultry on skewer, with vegetables (onion, sweet pepper…), cooked	01	137.0	23.1	1.39	4.0		1.5	0.75	1.02
25587	Parmentier de canard, préemballé, cuit	Shepherd's pie with duck, prepacked, cooked	01	168.0	7.0	10.5	10.2	1.7	1.2	0.74	4.7
25589	Boulette végétale au soja et/ou blé, préemballée	Plant-based ball with wheat and/or soybean	01	211.0	17.6	7.98	10.6	3.47	5.45	1.51	1.11
25590	Falafel ou Boulette de pois-chiche et/ou fève, préemballé	Falafel, prepacked	01	211.0	7.38	17.7	10.8	3.57	6.0	0.87	1.28
25591	Galette ou pavé aux lentilles, soja et légumes, préemballé	Plant-based burger or steak from lentil, soybean and vegetables	01	170.0	9.71	16.7	5.6	2.77	4.76	0.85	0.75
25592	Galette ou pavé au blé (seitan) et légumes, préemballé	Plant-based burger or steak from wheat (seitan) and vegetables	01	208.0	12.5	20.8	7.1	3.97	3.1	1.0	0.73
25593	Galette ou pavé au blé et soja (convient aux véganes ou végétaliens), préemballé	Plant-based burger or steak from wheat and soybean (vegan)	01	215.0	16.0	8.15	11.0	1.87	6.03	1.3	1.04
25594	Galette ou pavé au blé et soja (ne convient pas aux véganes ou végétaliens), préemballé	Plant-based burger or steak from wheat and soybean (not vegan)	01	201.0	10.2	13.3	10.2	2.62	5.36	1.14	1.07
25595	Galette ou pavé au soja et fromage, préemballé	Plant-based burger or steak from soybean and cheese	01	204.0	16.8	6.08	12.0	0.75	1.8	1.07	4.63
25596	Galette ou pavé au soja et légumes, préemballé	Plant-based burger or steak from soybean and vegetables	01	175.0	13.1	8.36	8.1	3.45	4.97	0.93	1.04
25597	Galette ou pavé au soja, fromage et légumes, préemballé	Plant-based burger or steak from soybean, cheese and vegetables	01	180.0	15.1	7.72	9.1	2.03	2.83	0.97	2.36
25598	Seitan, préemballé	Seitan	04	134.0	20.6	6.74	2.5	0.81	0.9	1.13	0.38
25600	Céleri rémoulade, préemballé	Celeriac in remoulade sauce, prepacked	10	113.0	0.94	3.14	10.2	1.8	2.2	1.17	0.94
25608	Taboulé ou Salade de couscous, préemballé	Tabbouleh, prepacked	01	179.0	4.88	23.7	6.7	4.9	2.5	1.0	0.67
25609	Salade de pomme de terre à la piémontaise, préemballée	Potato salad, piémontaise-style, prepacked	01	130.0	4.5	8.87	8.3	1.2	0.25	1.08	0.82
25610	Museau de boeuf en vinaigrette	Ox muzzle in salad dressing sauce	04	167.0	11.3	1.0	13.1	0.5	0	1.59	1.5
25616	Crudité, sans assaisonnement (aliment moyen)	Salad, vegetable, without dressing (average)	01	29.9	0.94	3.07	0.7	2.27	1.51	0.031	0.12
25623	Tarte au maroilles ou Flamiche au maroilles, préemballée	Maroilles cheese tart or maroilles cheese flamiche, prepacked	01	315.0	14.1	22.1	18.3	2.8	2.5	1.66	12.8
25625	Crêpe ou Galette fourrée au poisson et / ou fruits de mer, préemballée	Crepe or buckwheat crepe, filled with fish and/or seafood, prepacked	01	206.0	8.5	14.3	12.4	2.4	1.6	1.13	6.95
25629	Salade végétale à base de boulgour et/ou quinoa et légumes, préemballée	Salad, veggie, bulgur and/or quinoa-based, with vegetables, prepacked	01	168.0	3.79	17.4	8.3	4.61	3.3	0.77	0.92
25635	Lasagnes ou cannellonis au fromage et aux épinards, préemballés	Lasagna or cannelloni with goat cheese and spinach, prepacked	01	133.0	6.1	11.4	6.6	3.5	1.87	0.99	3.1
25900	Soupe aux lentilles, préemballée à réchauffer	Soup, lentils, prepacked, to be reheated	01	55.0	3.74	6.6	1.12	0.7	1.8	0.36	0.45
25901	Soupe à la volaille et aux légumes, préemballée à réchauffer	Soup, chicken and vegetables, prepacked, to be reheated	01	30.8	3.09	2.6	0.8	1.2	0.4	1.75	0.3
25903	Soupe aux légumes variés, préemballée à réchauffer	Soup, mixed vegetables, prepacked, to be reheated	01	39.4	0.76	5.05	1.56	1.72	1.1	0.69	0.55
25904	Soupe de poissons et / ou crustacés, préemballée à réchauffer	Soup, fish and/or crustacean, prepacked, to be reheated	01	42.8	3.45	2.88	1.79	0.9	0.69	0.86	0.58
25905	Soupe aux légumes variés, déshydratée reconstituée	Soup, mixed vegetables, dehydrated and reconstituted	01	34.5	0.86	4.43	1.22	1.07	1.16	0.69	0.39
25907	Soupe aux poireaux et pommes de terre, préemballée à réchauffer	Soup, leek and potato, prepacked, to be reheated	01	37.1	0.79	4.46	1.51	0.81	1.28	0.73	0.6
25908	Soupe à la volaille et aux vermicelles, préemballée à réchauffer	Soup, chicken and vermicelli, prepacked, to be reheated	01	30.8	1.3	3.86	1.0	0.77	0.56	0.82	0.49
25909	Bouillon de viande et légumes type pot-au-feu, prêt à consommer	Broth, stock or bouillon, meat and vegetables, dehydrated and reconstituted	01	4.8	0.2	0.1	0.4	0.0	0.0	1.08	0.2
25910	Soupe à l'oignon, préemballée à réchauffer	Soup, onions, prepacked, to be reheated	01	40.4	1.35	4.93	1.4	1.5	1.34	0.79	0.55
25912	Soupe aux champignons, préemballée à réchauffer	Soup, mushrooms, prepacked, to be reheated	01	48.2	0.81	4.09	3.07	0.91	0.52	0.78	1.58
25913	Soupe à la carotte, préemballée à réchauffer	Soup, carrots, prepacked, to be reheated	01	33.2	0.61	3.89	1.41	1.82	1.22	0.65	0.96
25914	Soupe à la tomate, préemballée à réchauffer	Soup, tomatoes, prepacked, to be reheated	01	38.7	0.74	6.27	0.99	2.95	0.88	0.64	0.36
25915	Soupe chorba frik, à base de viande et de frik	Soup, chorba frik, w meat and frik	01	62.9	3.75	5.4	2.5	0.9	1.9	0.84	
25916	Soupe minestrone, préemballée à réchauffer	Soup, minestrone, prepacked, to be reheated	01	48.8	1.2	5.6	2.0	1.7	1.8	0.75	0.6
25917	Soupe au pistou, déshydratée reconstituée	Soup, pistou (basil, garlic and olive oil), dehydrated and reconstituted	01	30.4	1.2	5.2	0.35	1.2	0.8	0.64	0.1
25918	Bouillon de viande et légumes type pot-au-feu, déshydraté	Broth, stock or bouillon, meat and vegetables, dehydrated	10	213.0	10.3	17.7	11.1	2.87	0.67	54.1	5.85
25919	Soupe de poissons et / ou crustacés, déshydratée reconstituée	Soup, fish and/or crustacean, dehydrated and reconstituted	01	29.0	0.91	5.09	0.5	1.06	0.21	0.63	0.14
25923	Soupe asiatique, avec pâtes, déshydratée reconstituée	Soup, Asian-style with noodles, dehydrated and reconstituted	01	29.8	0.97	5.25	0.44	1.21	0.49	0.84	0.17
25924	Soupe marocaine, déshydratée reconstituée	Soup, Moroccan, dehydrated and reconstituted	01	34.3	1.2	5.77	0.55	1.49	0.72	0.8	0.23
25925	Soupe aux poireaux et pommes de terre, déshydratée reconstituée	Soup, leek and potato, dehydrated and reconstituted	01	26.1	0.63	4.84	0.41	0.91	0.28	0.72	0.2
25928	Soupe à la volaille et aux légumes, déshydratée reconstituée	Soup, chicken and vegetables, dehydrated and reconstituted	01	27.3	0.99	4.58	0.44	0.55	0.51	0.73	0.17
25930	Bouillon de boeuf, déshydraté reconstitué	Broth, stock or bouillon, beef, dehydrated and reconstituted	01	9.05	0.6	1.33	0.15	0.33	0.0	0.74	0.057
25932	Soupe aux asperges, déshydratée reconstituée	Soup, asparagus, dehydrated and reconstituted	01	35.3	0.6	5.14	1.31	0.99	0.28	0.76	0.73
25933	Soupe à la tomate et aux vermicelles, préemballée à réchauffer	Soup, tomatoes and vermicelli, prepacked, to be reheated	01	37.7	1.1	5.87	0.8	3.43	1.3	0.77	0.5
25934	Soupe aux céréales et aux légumes, déshydratée reconstituée	Soup, cereals and vegetables, dehydrated and reconstituted	01	47.8	1.4	6.8	1.4	1.2	1.2	0.78	0.8
25935	Soupe à la tomate, déshydratée reconstituée	Soup, tomatoes, dehydrated and reconstituted	01	36.2	0.76	5.79	0.97	2.44	0.64	0.69	0.32
25936	Soupe aux champignons, déshydratée reconstituée	Soup, mushrooms, dehydrated and reconstituted	01	37.8	0.65	4.37	1.79	0.63	0.82	0.79	0.73
25942	Soupe à l'oignon, déshydratée reconstituée	Soup, onions, dehydrated and reconstituted	01	24.0	0.58	4.37	0.4	1.3	0.31	0.79	0.23
25945	Soupe au potiron, préemballée à réchauffer	Soup, pumpkin, prepacked, to be reheated	01	35.9	0.67	4.13	1.56	2.37	1.31	0.65	0.88
25947	Bouillon de volaille, déshydraté reconstitué	Broth, stock or bouillon, poultry, dehydrated and reconstituted	01	5.58	0.6	0.5	0.13	0.18	0.0	0.78	0.083
25948	Bouillon de légumes, déshydraté reconstitué	Broth, stock or bouillon, vegetables, dehydrated and reconstituted	01	5.38	0.34	0.65	0.16	0.19	0.0	0.61	0.14
25949	Soupe à la tomate et aux vermicelles, déshydratée reconstituée	Soup, tomato and vermicelli, dehydrated and reconstituted	01	21.6	0.63	4.21	0.18	0.72	0.32	0.68	0.099
25950	Soupe à la volaille et aux vermicelles, déshydratée reconstituée	Soup, chicken and vermicelli, dehydrated and reconstituted	01	21.3	0.75	3.87	0.25	0.31	0.26	0.68	0.081
25953	Soupe au pistou, préemballée à réchauffer	Soup, pistou (basil, garlic and olive oil), prepacked, to be reheated	01	31.9	2.0	4.1	0.5	0.125	1.5	0.65	0.2
25954	Soupe au potiron, déshydratée reconstituée	Soup, pumpkin, dehydrated and reconstituted	01	38.3	0.79	5.61	1.24	2.64	0.76	0.7	0.61
25955	Soupe asiatique, avec pâtes, préemballée à réchauffer	Soup, Asian-style with noodles, prepacked, to be reheated	01	22.3	0.7	3.4	0.5	0.5	0.7	0.9	0.2
25956	Soupe minestrone, déshydratée reconstituée	Soup, minestrone, dehydrated and reconstituted	01	31.3	1.14	5.53	0.34	1.07	0.79	0.7	0.02
25957	Soupe au cresson, déshydratée reconstituée	Soup, watercress, dehydrated and reconstituted	01	25.1	0.42	3.95	0.8	0.31	0.19	0.77	0.42
25958	Soupe au cresson, préemballée à réchauffer	Soup, watercress, prepacked, to be reheated	01	34.0	1.0	5.4	0.8	0.9	0.6	0.78	0.5
25962	Soupe aux légumes avec fromage, préemballée à réchauffer	Soup, vegetables with cheese, prepacked, to be reheated	01	50.2	1.34	5.09	2.51	1.62	0.93	0.67	1.58
25963	Soupe aux légumes verts, préemballée à réchauffer	Soup, green vegetables, prepacked, to be reheated	01	33.4	1.0	3.84	1.32	0.81	1.05	0.7	0.64
25964	Soupe aux légumes verts, déshydratée reconstituée	Soup, green vegetables, dehydrated and reconstituted	01	34.8	0.72	5.31	1.07	1.07	0.54	0.66	0.71
25965	Soupe aux pois cassés, préemballée à réchauffer	Soup, split peas, prepacked, to be reheated	01	56.7	2.68	6.25	1.98	1.02	1.6	0.7	0.67
25967	Soupe froide type Gaspacho ou Gazpacho, préemballée	Soup, gazpacho, cold, prepacked	01	32.8	0.65	3.38	1.62	2.32	1.04	0.75	0.27
25968	Soupe aux asperges, préemballée à réchauffer	Soup, asparagus, prepacked, to be reheated	01	133.0	4.6	4.7	10.4	2.9	1.0	0.98	5.1
25969	Soupe (aliment moyen)	Soup (average)	01	37.4	1.27	4.5	1.37	1.6	1.02	0.75	0.57
25970	Bouillon de viande et légumes type pot-au-feu, non dégraissé, déshydraté	Broth, stock or bouillon, meat and vegetables, with fat, dehydrated	10	212.0	11.6	28.9	5.4	2.8	0.0	48.4	1.4
25971	Bouillon de viande et légumes type pot-au-feu, dégraissé, déshydraté	Broth, stock or bouillon, meat and vegetables, defatted, dehydrated	10	197.0	10.8	30.9	3.1	2.2	0.0	48.2	1.08
25972	Soupe miso, déshydratée reconstituée	Miso soup, dehydrated, reconstituted	01	17.1	1.38	2.18	0.25	0.69	0.25	1.1	0.005
25995	Maquereau, filet grillé, appertisé, nature, égoutté	Mackerel, grilled filet, canned, plain, drained	04	246.0	19.7	0.55	18.3		0.0	0.84	4.27
25996	Saumon, cuit, sans précision (aliment moyen)	Salmon, cooked (average)	04	205.0	23.0	0.0	12.5	0.0	0.0	0.13	2.5
25997	Cabillaud, cuit, sans précision (aliment moyen)	Cod, cooked (average)	04	98.9	23.1	0.0	0.73	0.0	0.0	0.2	0.14
25998	Hareng fumé, filet, doux	Atlantic herring, smoked, fillet	04	162.0	18.1	0.0	9.9	0.0	0.25	3.78	2.24
25999	Anchois, filets roulés aux câpres, semi-conserve, égoutté	Anchovy, fillets, rolled with capers, semi-preserved, drained	04	198.0	24.8	1.48	10.3		0.5		0.86
26000	Anchois, filets à l'huile, semi-conserve, égoutté	Anchovy, fillets, in oil, semi-preserved, drained	04	182.0	26.4	0.1	8.45	0.0	0.125	11.3	3.08
26001	Bar rayé ou bar d'Amérique, cru	American bass, raw	04	113.0	20.3	0	3.58	0.0	0.0	0.19	0.76
26002	Carrelet ou plie, pané, frit	European plaice, breaded, fried	04	242.0	13.4	8.86	16.8		1.0	0.66	2.0
26003	Carrelet ou plie, cuit à la vapeur	European plaice, steamed	04	93.0	19.0	0	1.89	0.0	0.0		0.22
26004	Oeufs de lompe, semi-conserve	Lump roe, semi-preserved	04	111.0	10.4	1.0	7.27	0.0	0.0	4.87	1.97
26005	Caviar, semi-conserve	Caviar, semi-preserved	04	254.0	25.0	0	17.1	0	0.0		3.21
26006	Lieu ou colin d'Alaska, cru	Alaska pollock, raw	04	70.8	16.3	0	0.61	0.0	0.085	0.48	0.015
26008	Églefin, cuit à la vapeur	Haddock, steamed	04	89.0	20.9	0	0.6	0.0	0.0	0.18	0.1
26009	Flétan de l'Atlantique ou flétan blanc, cru	Atlantic halibut, raw	04	96.5	21.2	0	1.31	0.0	0.0	0.15	0.21
26010	Hareng mariné ou rollmops	Atlantic herring, marinated, or rollmops	04	211.0	13.7	8.0	13.8	1.9	0.0	2.56	2.51
26011	Hareng, cru	Atlantic herring, raw	04	176.0	17.7	0	11.7	0.0	0.0	0.22	2.82
26012	Hareng, frit	Atlantic herring, fried	04	201.0	23.0	0	12.1	0.0	0.0		3.51
26013	Hareng fumé, au naturel	Atlantic herring, smoked, plain	04	173.0	16.5	0.5	11.7	0.0	0.0	3.98	2.76
26014	Hareng, grillé/poêlé	Atlantic herring, grilled/pan-fried	04	189.0	21.6	0	11.4	0.0	0.0	0.34	2.48
26015	Lieu noir, cuit	Saithe, cooked	04	99.7	23.1	0	0.81	0.0	0.0	0.25	0.29
26016	Limande-sole, panée, frite	Lemon sole, breaded, fried	04	206.0	16.7	11.9	10.2	1.0	0.0	0.69	1.3
26017	Limande-sole, cuite à la vapeur	Lemon sole, steamed	04	90.1	17.4	0	2.27	0.0	0.0	0.3	0.12
26018	Lotte ou baudroie, crue	Anglerfish, raw	04	67.2	15.1	0	0.74	0.0	0.1	0.19	0.2
26019	Maquereau, rôti/cuit au four	Mackerel, roasted/baked	04	228.0	21.5	0	15.8	0.0	0.0	0.21	4.44
26020	Maquereau, frit	Mackerel, fried	04	186.0	23.6	0	10.2	0.0	0.0	0.21	2.96
26021	Merlan, frit	Whiting, fried	04	125.0	23.1	0	3.61	0.0	0.0	0.43	0.94
26022	Merlan, cuit à la vapeur	Whiting, steamed	04	98.3	23.0	0	0.7	0.0	0.0	0.28	0.13
26023	Cabillaud, rôti/cuit au four	Cod, roasted/baked	04	94.6	22.3	0	0.6	0.0	0.0	0.23	0.13
26024	Morue, salée, bouillie/cuite à l'eau	Cod, salted, boiled/cooked in water	04	113.0	26.0	0	1.01	0.0	0.0	5.8	0.13
26025	Cabillaud, cuit à la vapeur	Cod, steamed	04	106.0	24.5	0	0.95	0.0	0.0	0.16	0.16
26026	Mulet, rôti/cuit au four	Mullet, roasted/baked	04	143.0	24.8	0	4.86	0.0	0.0	0.18	1.43
26027	Pilchard, sauce tomate, appertisé, égoutté	Pilchard, in tomato sauce, canned, drained	04	167.0	13.0	3.99	11.0	1.0	0.0	1.0	2.35
26028	Poisson, croquette ou beignet ou nuggets, frit	Fish, croquette, fritter or nuggets, fried	04	255.0	13.2	18.4	13.7	1.6	2.5	1.04	1.69
26029	Poisson pané, surgelé, cru	Fish, breaded, frozen, raw	04	162.0	11.0	16.1	5.73	2.2	0.9	0.69	1.3
26030	Poisson pané, frit	Fish, breaded, fried	04	193.0	11.9	13.4	10.0	1.1	0.9	0.84	2.15
26031	Raie, rôtie/cuite au four	Ray, roasted/baked	04	96.3	23.0	0	0.5	0.0	0.0	0.38	0.096
26033	Roussette ou petite roussette ou saumonette, cuite	Nursehound or lesser spotted dogfish, cooked	04	256.0	25.4	0	17.2	0.0	0.0	0.2	4.11
26034	Sardine, à l'huile, appertisée, égouttée	European pilchard or sardine, in oil, canned, drained	04	207.0	24.4	0.49	12.0	0.0	0.0	0.75	2.56
26035	Sardine, sauce tomate, appertisée, égouttée	European pilchard or sardine, in tomato sauce, canned, drained	04	193.0	20.2	1.38	11.6	0.7	1.05	0.7	3.04
26036	Saumon, cru, élevage	Salmon, raw, farmed	04	194.0	20.5	0	12.4	0.0	0.125	0.16	2.15
26037	Saumon fumé	Salmon, smoked	04	178.0	22.0	0.91	9.49	0.0	0.125	3.51	2.06
26038	Saumon, cuit à la vapeur	Salmon, steamed	04	195.0	23.0	0	11.5	0.0	0.0	0.13	2.39
26039	Thon, au naturel, appertisé, égoutté	Tuna, plain, canned, drained	04	111.0	26.8	0.0	0.4	0.0	0.0	0.74	0.086
26040	Sardine, à l'huile d'olive, appertisée, égouttée	European pilchard or sardine, in olive oil, canned, drained	04	202.0	24.3	1.06	11.2	0.0	0.0	0.73	3.13
26041	Thon, rôti/cuit au four	Tuna, roasted/baked	04	136.0	29.9	0	1.83	0.0	0.0	0.14	0.9
26042	Turbot sauvage, cru	Turbot, raw, wild	04	91.5	17.2	0	2.54	0.0	0.0	0.24	0.71
26043	Cabillaud, cru	Cod, raw	04	77.6	18.1	0	0.57	0.0	0.1	0.23	0.1
26044	Merlu, cru	European hake, raw	04	82.6	17.6	0	1.35	0.0	0.0	0.22	0.22
26046	Surimi, bâtonnets, tranche ou râpé saveur crabe	Surimi, on sticks, in slices or grated, crab flavour	04	125.0	8.31	11.8	4.92	2.1	0.165	1.58	0.46
26047	Lieu noir, surgelé, cru	Saithe, frozen, raw	04	82.4	19.8	0	0.37	0.0	0.0	0.2	0.074
26048	Merlu, filet, surgelé, cru	Hake, fillet, frozen, raw	04	82.0	15.1	0	2.4	0.0	0.0	0.53	0.6
26051	Maquereau, cru	Mackerel, raw	04	194.0	18.1	0	13.5	0.0	0.0	0.16	3.22
26052	Raie, crue	Ray, raw	04	89.9	21.4	0	0.47	0.0	0.0	0.35	0.12
26053	Thon, cru	Tuna, raw	04	144.0	24.0	0	5.38	0.0	0.0	0.12	1.19
26054	Poisson en sauce, surgelé	Fish, in sauce, frozen	01	132.0	13.3	3.18	7.05	1.3	1.25	0.82	2.84
26055	Carrelet ou plie, cru	European plaice, raw	04	88.6	20.0	0	0.94	0.0	0.0	0.2	0.2
26056	Oeufs de cabillaud, fumés, semi-conserve	Cod roe, smoked, semi-preserved	04	146.0	26.9	0.1	4.2		0.0	0.73	0.56
26057	Limande, crue	Common dab, raw	04	80.8	18.3	0	0.85	0.0	0.0	0.28	0.16
26058	Sole, crue	Common sole, raw	04	77.3	18.0	0	0.6	0.0	0.0	0.19	0.13
26059	Sole, cuite à la vapeur	Common sole, steamed	04	94.6	20.3	0	1.48	0.0	0.0	0.41	0.2
26060	Sole, rôtie/cuite au four	Common sole, roasted/baked	04	78.2	15.7	0	1.69	0.0	0.0	0.29	0.31
26061	Sole, bouillie/cuite à l'eau	Common sole, boiled/cooked in water	04	69.0	15.0	0	1.0	0.0	0.0	0.21	0.2
26062	Sole, frite	Common sole, fried	04	72.2	15.8	0	1.0	0.0	0.0	0.36	0.2
26063	Rascasse, crue	Spiny scorpionfish, raw	04	87.6	18.9	0	1.33	0.0	0.0		0.24
26064	Thon albacore ou thon jaune, cru	Yellowfin tuna, raw	04	108.0	25.0	0	0.94	0.0	0.0	0.11	0.17
26065	Sardine, crue	European pilchard or sardine, raw	04	163.0	19.5	0	9.48	0.0	0.0	0.22	2.4
26068	Thon listao ou Bonite à ventre rayé, cru	Skipjack tuna, raw	04	97.1	22.0	0	1.01	0.0	0.0	0.093	0.33
26069	Thon rouge, cru	Atlantic bluefin tuna, raw	04	155.0	23.3	0	6.81	0.0	0.0	0.098	1.26
26072	Bar commun ou loup, cru, sans précision	European bass, raw	04	82.5	19.1	0	0.7	0.0	0.0	0.23	0.2
26073	Raie, cuite au court-bouillon	Ray, cooked in an aromatic stock	04	97.8	23.2	0	0.57	0.0	0.0	0.4	0.12
26074	Roussette ou petite roussette ou saumonette, crue	Nursehound or lesser spotted dogfish, raw	04	97.8	23.3	0	0.5	0.0	0.0	0.31	0.11
26075	Bar ou loup de l'Atlantique, cru	Atlantic bass, raw	04	89.9	16.6	0	2.61	0.0	0.0	0.25	0.42
26076	Thon germon ou thon blanc, cru	Albacore, raw	04	121.0	27.2	0	1.37	0.0	0.0	0.29	0.26
26077	Thon germon ou thon blanc, cuit à la vapeur sous pression	Albacore, steamed under pressure	04	165.0	30.0	0.0	5.06		0.0	0.1	1.35
26079	Anchois commun, cru	Common anchovy, raw	04	129.0	18.6	0	6.07	0.0	0.0	0.18	1.64
26080	Dorade royale, ou daurade ou vraie daurade, crue, sauvage	Gilthead seabream, raw, wild	04	93.2	18.1	0	2.31	0.0	0.0	0.12	0.46
26081	Lotte ou baudroie, grillée/poêlée	Anglerfish, grilled	04	98.2	23.0	0	0.68	0.0	0.0	0.061	0.19
26082	Espadon, cru	Swordfish, raw	04	130.0	18.9	0	5.97	0.0	0.0	0.28	
26083	Éperlan, cru	Pond smelt, raw	04	85.4	17.5	0	1.7	0.0	0.0	0.39	0.27
26084	Cardine franche, crue	Megrim, raw	04	93.4	19.9	0	1.53	0.0	0.0		0.43
26085	Rouget-barbet de roche, cru	Surmullet or red mullet, raw	04	158.0	18.4	0	9.37	0.0	0.0	0.17	2.72
26086	Maquereau, filet sauce tomate, appertisé, égoutté	Mackerel, fillet, in tomato sauce, canned, drained	04	227.0	17.7	1.94	16.3	0.94	1.02	0.64	2.92
26087	Maquereau, fumé	Mackerel, smoked	04	294.0	18.8	0.0	24.3	0.0	0.0	0.96	5.35
26088	Dorade royale ou daurade ou vraie daurade, crue, élevage	Gilthead seabream, raw, farmed	04	129.0	20.9	0	5.1	0.0	0.0	0.13	1.19
26090	Haddock (fumé) ou églefin fumé	Haddock, smoked	04	97.0	22.6	0.0	0.73	0.0	0.0	1.91	0.13
26091	Mulet, cru	Mullet, raw	04	113.0	20.1	0	3.62	0.0	0.0	0.18	1.17
26092	Truite de mer, crue	Sea trout, raw	04	111.0	19.6	0	3.63	0.0	0.0	0.14	0.62
26093	Espadon, rôti/cuit au four	Swordfish, roasted/baked	04	266.0	28.7	0	16.9	0.0	0.0	0.18	1.51
26094	Turbot, rôti/cuit au four	Turbot, roasted/baked	04	118.0	21.3	0	3.64	0.0	0.0	0.25	0.9
26095	Merlan, cru	Whiting, raw	04	79.3	18.8	0	0.47	0.0	0.0	0.16	0.095
26096	Maquereau, filet sauce moutarde, appertisé, égoutté	Mackerel, fillet, in mustard sauce, canned, drained	04	217.0	20.8	1.09	14.2	0.8	0.58	1.01	3.92
26097	Maquereau, filet au vin blanc, appertisé, égoutté	Mackerel, fillet, in white wine, canned, drained	04	207.0	17.8	2.25	14.1	0.5	0.0	0.97	2.92
26098	Morue, salée, sèche	Cod, salted, dried	04	206.0	47.6	0	1.67	0.0	0.0	12.3	0.31
26099	Dorade grise, ou daurade grise, ou griset, crue	Black seabream, raw	04	130.0	20.5	0	5.27	0.0	0.5	0.15	1.41
26100	Bogue, crue	Bogue, raw	04	90.0	17.9	0	2.03	0.0	0.0	0.28	
26101	Bonite, crue	Bonito, raw	04	161.0	22.3	0	8.01	0.0	0.0	1.35	2.11
26102	Maquereau espagnol ou maquereau blanc ou billard, cru	Atlantic chub mackerel, raw	04	135.0	22.1	0	5.15	0.0	0.0	0.15	1.59
26103	Denté, cru	Common dentex, raw	04	99.3	17.0	0	3.5	0.0	0.0	0.19	0.45
26104	Saint-Pierre, cru	John dory, raw	04	86.7	19.9	0	0.8	0.0	0.0	0.17	0.17
26106	Grondin, cru	Red gurnard, raw	04	94.0	19.0	0	2.0	0.0	0.0		
26107	Corb, cru	Brown meagre, raw	04	87.2	20.0	0	0.8	0.0	0.0		
26108	Capelan, cru	Capelin, raw	04	90.0	18.7	0	1.71	0.0	0.0	0.27	
26109	Dorade rose, ou daurade rose, crue	Blackspot seabream, raw	04	102.0	21.0	0	2.0	0.0	0.0		
26110	Rouget-barbet de roche, vapeur	Surmullet or red mullet, steamed	04	143.0	24.1	0	5.2	0.0	0.0	0.24	0.73
26111	Saupe, crue	Salema, raw	04	94.5	18.0	0	2.5	0.0	0.0		
26113	Chinchard, cru	Horse mackerel, raw	04	116.0	19.0	0	4.42	0.0	0.0		2.31
26119	Saumon, appertisé, égoutté	Salmon, canned, drained	04	180.0	20.5	1.5	10.2		0.0	1.22	1.68
26120	Merlu, cuit à l'étouffée	European hake, braised	04	112.0	21.2	0	3.0	0.0	0.0	0.25	0.92
26122	Églefin, cru	Haddock, raw	04	72.3	17.3	0	0.35	0.0	0.0	0.16	0.098
26123	Maquereau, au naturel, appertisé, égoutté	Mackerel, canned in brine, drained	04	189.0	21.6	0.0	11.4	0.0	0.0	1.21	2.73
26124	Merlan, pané	Whiting, breaded	04	190.0	12.6	13.0	9.57	1.7	0.9	0.64	1.1
26126	Églefin, grillé/poêlé	Haddock, grilled/pan-fried	04	84.9	20.0	0	0.55	0.0	0.0	0.65	0.11
26127	Congre, cru	Conger, raw	04	115.0	18.3	0	4.6	0.0	0.0	0.13	
26128	Grenadier (de roche), cru	Roundnose grenadier, raw	04	68.9	15.4	0	0.81	0.0	0.0	0.24	0.11
26129	Lieu jaune ou colin, cru	Pollack, raw	04	75.5	17.7	0	0.51	0.0	0.0	0.29	0.07
26130	Julienne ou Lingue, crue	Ling, raw	04	80.8	19.2	0	0.44	0.0	0.0	0.26	0.11
26133	Tacaud, cru	Pouting, raw	04	81.6	19.7	0	0.33	0.0	0.0	0.2	0.098
26134	Lieu noir, cru	Saithe, raw	04	82.5	18.8	0	0.8	0.0	0.0	0.2	0.15
26135	Limande-sole, crue	Lemon sole, raw	04	80.6	17.0	0	1.4	0.0	0.0	0.24	0.2
26136	Sardine, grillée	European pilchard or sardine, grilled	04	194.0	25.1	0	10.4	0.0	0.0	0.35	2.9
26140	Poisson cuit (aliment moyen)	Fish, cooked (average)	01	144.0	23.5	0.0	5.52	0.0	0.0	0.54	1.21
26141	Foie de morue, cru	Cod liver, raw	04	619.0	5.0	0	66.6	0.0	0.0	1.47	14.0
26142	Foie de morue, appertisé, égoutté	Cod liver, canned, drained	04	433.0	7.25	1.1	44.4		0.0	1.12	6.87
26146	Vivaneau, cru	Snapper, raw	04	94.1	20.5	0	1.34	0.0	0.0	0.16	0.29
26147	Vivaneau, cuit	Snapper, cooked	04	121.0	26.3	0	1.72	0.0	0.0	0.14	0.37
26148	Rascasse, cuite à la vapeur	Spiny scorpionfish, steamed	04	126.0	24.6	0	3.1	0.0	0.0	0.22	0.61
26152	Lieu ou colin d'Alaska, fumé	Alaska pollock, smoked	04	81.3	18.3	0.0	0.9	0.0	0.0		0.1
26153	Sabre, cru	Largehead hairtail, raw	04	125.0	18.0	0	5.9	0.0	0.0	0.28	0.94
26154	Flétan du Groënland ou flétan noir ou flétan commun, cru	Greenland halibut, raw	04	168.0	13.5	0	12.7	0.0	0.0	0.43	2.32
26157	Carangue, cru	Crevalle jack, raw	04	104.0	19.9	0	2.7	0.0	0.0	0.22	
26159	Coulirou, cru	Bigeye scad, raw	04	70.9	17.5	0	0.1	0.0	0.0	0.15	
26161	Saumon, cru, sauvage	Salmon, raw, wild	04	166.0	21.0	0	9.17	0.0	0.0	0.12	1.92
26162	Requin, cru	Shark, raw	04	109.0	20.8	0	2.91	0.0	0.0	0.2	0.48
26166	Orphie commune, crue	Garfish, raw	04	133.0	20.0	0	5.91	0.0	0.0	0.21	1.81
26168	Lompe, crue	Lump fish, raw	04	168.0	10.0	0	14.2	0.0	0.0	0.17	3.01
26170	Brème, cru	Freshwater bream, raw	04	104.0	16.9	0	4.0	0.0	0.0	0.11	0.78
26171	Omble chevalier, cru	Arctic char, raw	04	103.0	19.8	0	2.7	0.0	0.0	0.14	2.2
26172	Loup tacheté, cru	Spotted wolffish	04	108.0	16.3	0	4.8	0.0	0.0	0.26	0.96
26173	Sprat, cru	European sprat, raw	04	186.0	19.8	0	11.9	0.0	0.0		3.32
26174	Turbot, cru	Turbot, raw	04	85.5	17.9	0	1.55	0.0	0.0	0.23	0.19
26175	Corégone lavaret, cru	European whitefish, raw	04	115.0	20.5	0	3.72	0.0	0.0	0.13	0.61
26177	Anchois au sel (anchoité, semi-conserve)	Anchovy, in salt (semi-preserved)	04	128.0	25.0	0.0	3.1	0.0	0.0	9.01	0.82
26178	Mérou, cru	Grouper, raw	04	82.3	18.6	0	0.86	0.0	0.0	0.13	0.2
26179	Thon germon ou thon blanc, à l'huile d'olive, appertisé, égoutté	Albacore, in olive oil, canned, drained	04	192.0	31.3	1.01	6.95	0.0	0.0	0.67	1.41
26180	Thon à l'huile de tournesol, entier, appertisé, égoutté	Tuna, whole slice, in sunflower oil, canned, drained	04	206.0	23.3	0.76	12.2		0.0	0.93	1.34
26181	Thon albacore ou thon jaune, au naturel, appertisé, égoutté	Yellowfin tuna, canned in brine, drained	04	128.0	26.6	0.58	1.98	0.047	0.75	0.71	0.71
26186	Maquereau, mariné	Mackerel, marinated	04	185.0	16.3	0	13.3		0.0	2.29	
26187	Anchois commun, mariné, préemballé	Common anchovy, marinated, prepacked	04	136.0	23.9	2.7	3.26	0.0	0.0	5.58	1.04
26192	Lieu jaune ou colin, cuit	Pollock, cooked	04	100.0	24.4	0	0.25	0.0	0.0	0.23	0.005
26194	Lingue bleue ou Lingue, crue	Blue ling, raw	04	79.6	18.9	0	0.44	0.0	0.0	0.23	0.095
26200	Sole tropicale ou Sole langue, crue	Tonguesole, raw	04	68.2	15.7	0	0.58	0.0	0.0	0.35	0.18
26201	Turbot d'élevage, cru	Turbot, raw, farmed	04	109.0	18.3	0	3.94	0.0	0.0	0.19	0.57
26205	Bar commun ou loup (Méditerranée), cru, sauvage	Mediterranean bass, raw, wild	04	97.9	20.1	0	1.94	0.0	0.0	0.18	0.49
26206	Bar commun ou loup (Méditerranée), cru, élevage	Mediterranean bass, raw, farmed	04	124.0	21.4	0	4.25	0.0	0.0	0.12	1.04
26208	Baudroie rousse ou Lotte, crue	Anglerfish (Lophius budegassa), raw	04	70.2	16.7	0	0.37	0.0	0.0	0.32	0.084
26210	Sébaste du nord, ou grand sébaste, ou dorade sébaste, ou daurade sébaste, crue	Golden redfish, raw	04	89.5	18.8	0	1.6	0.0	0.0	0.18	0.31
26211	Saumon, cuit au micro-ondes, élevage	Salmon, microwaved, farmed	04	200.0	24.2	0	11.4	0.0	0.0	0.098	
26213	Hoki, tout lieu de pêche, cru	Grenadier, from any fishing spot, raw	04	92.3	17.8	0	2.36	0.0	0.0	0.18	0.53
26214	Grenadier bleu ou hoki de Nouvelle-Zélande, cru	Blue grenadier, raw	04	75.5	15.6	0	1.46	0.0	0.0	0.14	0.26
26217	Saumon, bouilli/cuit à l'eau, élevage	Salmon, boiled/cooked in water, farmed	04	193.0	25.0	0	10.3	0.0	0.0	0.084	
26219	Grondin perlon, cru	Tub gurnard, raw	04	97.4	20.3	0	1.79	0.0	0.0	0.14	
26222	Dorade grise, ou daurade grise, ou griset, rôtie/cuite au four	Black seabream, roasted/baked	04	121.0	22.9	0	3.3	0.0	0.0		0.75
26229	Saumon, grillé/poêlé	Salmon, grilled/pan-fried	04	223.0	25.5	0	13.5	0.0	0.0	0.11	2.87
26230	Saumon, élevage, rôti/cuit au four	Salmon, farmed, roasted/baked	04	210.0	22.1	0	13.5	0.0	0.0	0.15	2.5
26231	Sardine, filets sans arêtes à l'huile d'olive, appertisés, égouttés	European pilchard or sardine, fillets without fishbone, in olive oil, canned, drained	04	213.0	21.5	0.62	13.9	0.0	0.0	0.7	3.16
26232	Hareng fumé, à l'huile	Atlantic herring, smoked, in oil	04	168.0	15.1	2.0	11.0	0.0	0.0	4.08	3.12
26233	Merlu blanc du Cap, surgelé, cru	Shallow-water Cape hake, raw	04	78.0	16.1	0	1.52	0.0	0.0	0.28	0.51
26234	Julienne ou Lingue, cuite	Ling, cooked	04	105.0	24.5	0	0.82	0.0	0.0	0.21	0.0
26235	Chinchard maigre, cru	Horse mackerel, lean (spring, summer), raw	04	96.7	18.7	0	2.42	0.0	0.0	0.16	0.66
26236	Chinchard gras, cru	Horse mackerel, oily (autumn, winter), raw	04	147.0	19.6	0	7.66	0.0	0.0	0.14	1.79
26237	Hareng maigre, cru	Atlantic herring, lean, raw	04	111.0	18.3	0	4.22	0.0	0.0	0.19	0.83
26238	Hareng gras, cru	Atlantic herring, oily, raw	04	172.0	18.7	0	10.8	0.0	0.0	0.13	2.23
26239	Surimi, fourré au fromage	Surimi, filled w cheese	04	149.0	6.6	9.24	9.3	2.8	0.5	1.72	3.84
26240	Joëls (petits poissons entiers) pour friture, crus	Big-scale sand smelt (whole small fish), to fry, raw	04	88.9	17.5	0	2.1	0.0	0.0	0.27	0.4
26241	Empereur, filet, sans peau, cru	Blue shark, fillet, without skin, raw	04	73.5	15.0	0	1.5	0.0	0.0	0.21	0.3
26242	Thon à la tomate, miettes, appertisées, égouttées	Tuna, flaked, in tomato sauce, canned, drained	04	130.0	14.6	4.33	5.93	3.33	0.58	1.22	0.83
26243	Thon, à la catalane ou à l'escabèche (sauce tomate), appertisé	Tuna, in Catalan-style or in tomato sauce, canned	04	142.0	10.8	5.05	8.6	2.93	0.75	1.0	0.67
26244	Rouget-barbet, filet avec peau, surgelé, cru (Thaïlande, Sénégal…)	Surmullet or red mullet, fillet with skin, frozen, raw (from Thailand or Senegal)	04	96.7	16.3	0	3.5	0.0	0.0	0.2	0.9
26245	Thon à l'huile de tournesol, miettes, appertisées, égouttées	Tuna, flaked, in sunflower oil, canned, drained	04	227.0	23.4	0.0	14.8	0.125	0.0	0.85	1.62
26247	Flétan du Groënland ou flétan noir ou flétan commun, cuit à la vapeur	Greenland halibut, steamed	04	173.0	17.3	0	11.6	0.0	0.0	0.36	2.07
26248	Sole, poêlée	Common sole, grilled	04	96.7	23.6	0	0.25	0.0	0.0	0.37	0.005
26249	Poisson blanc, cuit (aliment moyen)	Fish, white, without skin, cooked	01	107.0	22.0	0.0	2.18	0.0	0.0	0.88	0.44
26250	Poisson blanc, de mer, cuit (aliment moyen)	Marine fish, white, without skin, cooked	01	106.0	22.1	0.0	2.0	0.0	0.0	0.98	0.38
26256	Ficelle picarde, préemballée	Ham and mushroom pancake in cheese sauce, dehydrated, reconstituted	01	151.0	8.6	11.9	7.5	2.7	0.6	0.75	2.8
26259	Salade de chou ou Coleslaw, avec sauce, préemballée	Coleslaw, w sauce, prepacked	01	105.0	0.94	5.78	8.1	4.72	3.0	0.88	0.63
26264	Gnocchi à la pomme de terre, cru	Gnocchi, from potato, raw	03	176.0	4.66	35.0	1.42	3.18	2.2	1.18	0.3
26265	Gnocchi à la semoule, cru	Gnocchi, from semolina, raw	03	200.0	6.2	37.0	2.6	9.9	1.9	2.21	0.34
26266	Croissant au jambon fromage, préemballé	Croissant filled with ham and cheese, prepacked	01	258.0	8.92	22.0	14.5	2.77	2.0	1.28	8.77
26267	Tarte épinard chèvre, préemballée	Goat cheese and spinach tart, prepacked	01	244.0	7.08	22.2	13.6	3.0	2.05	1.0	7.34
26268	Tielle sétoise, préemballée	Squid and spicy tomato sauce pie, prepacked	01	306.0	8.15	30.9	16.0	5.05	2.95	1.55	2.8
26270	Pizza au thon, préemballée	Pizza, tuna, prepacked	01	220.0	10.8	23.3	8.78	3.47	2.2	0.99	2.97
26271	Pizza kebab, préemballée	Pizza, kebab, prepacked	01	211.0	9.4	26.6	7.01	3.04	1.85	1.4	3.5
26272	Pizza au poulet, préemballée	Pizza, chicken, prepacked	01	215.0	9.95	27.5	6.68	2.96	2.32	1.16	3.23
26273	Pizza type raclette ou tartiflette, préemballée	Pizza with raclette or tartiflette cheese and lardoons, prepacked	01	276.0	11.8	27.5	12.7	2.77	2.4	1.55	5.93
26274	Pizza au speck ou jambon cru, préemballée	Pizza, cured ham, prepacked	01	240.0	12.2	25.7	9.43	3.47	1.6	1.74	4.67
26275	Oeufs de saumon, semi-conserve	Salmon roe, semi-preserved	04	224.0	30.8	1.5	10.5	0.1	0.0	2.34	2.05
26999	Anguille, cuite (aliment moyen)	Eel, cooked (average)	04	213.0	22.1	0.0	13.8	0.0	0.0		3.15
27000	Anguille, rôtie/cuite au four	Eel, roasted/baked	04	229.0	23.6	0	15.0	0.0	0.0	0.16	3.02
27001	Anguille, bouillie/cuite à l'eau	Eel, boiled/cooked in water	04	197.0	20.5	0	12.7	0.0	0.0		3.28
27002	Brochet, rôti/cuit au four	Northern pike, roasted/baked	04	100.0	23.1	0	0.88	0.0	0.0	0.12	0.15
27003	Carpe, crue, élevage	Carp, raw, farmed	04	114.0	17.7	0	4.76	0.0	0.0	0.077	1.28
27004	Carpe, rôtie/cuite au four	Carp, roasted/baked	04	151.0	21.6	0	7.17	0.0	0.0	0.16	1.27
27005	Perche, rôtie/cuite au four	European perch, roasted/baked	04	119.0	22.1	0	3.42	0.0	0.0	0.096	0.85
27006	Truite, rôtie/cuite au four	Trout, roasted/baked	04	183.0	26.6	0	8.47	0.0	0.0	0.17	1.47
27007	Truite, cuite à la vapeur	Trout, steamed	04	99.4	19.0	0	2.6	0.0	0.0		0.54
27008	Truite d'élevage, crue	Trout, farmed, raw	04	133.0	19.3	0	6.22	0.0	0.0	0.1	1.25
27009	Truite arc en ciel, crue, élevage	Rainbow trout, raw, farmed	04	132.0	19.0	0	6.24	0.0	0.0	0.11	1.15
27010	Perche, crue	European perch, raw	04	82.2	17.9	0	1.19	0.0	0.0	0.14	0.28
27011	Brochet, cru	Northern pike, raw	04	83.7	18.8	0	0.94	0.0	0.0	0.13	0.26
27012	Esturgeon, cru	Sturgeon, raw	04	123.0	17.7	0	5.84	0.0	0.0	0.12	1.34
27014	Truite arc en ciel, élevage, rôtie/cuite au four	Rainbow trout, farmed, roasted/baked	04	143.0	21.5	0	6.33	0.0	0.0	0.13	1.51
27015	Truite arc en ciel, élevage, cuite à la vapeur	Rainbow trout, farmed, steamed	04	117.0	20.0	0	4.14	0.0	0.0		0.86
27016	Anguille, crue	Eel, raw	04	232.0	16.1	0	18.6	0.0	0.0	0.16	3.89
27017	Pangasius ou Poisson-chat, cru	Brown bullhead, raw	04	65.2	13.5	0	1.27	0.0	0.0	0.68	0.47
27018	Panga, Pangasius, ou poisson-chat du Mékong, filet, cuit	Pangasius, filets, cooked	04	79.0	17.5	0	1.0	0.0	0.0	0.58	0.51
27019	Tilapia, cru	Tilapia, raw	04	91.6	18.1	0	2.13	0.0	0.0	0.071	0.56
27021	Truite saumonée, crue	Salmon trout, raw	04	143.0	19.2	0	7.4	0.0	0.0	0.2	1.2
27023	Lotte de rivière, crue	Burbot, raw	04	77.0	17.8	0	0.66	0.0	0.0	0.22	0.17
27024	Sandre, cru	Pike-perch, raw	04	82.9	18.3	0	1.08	0.0	0.0	0.12	0.21
27025	Perche du Nil, crue	Nile perch, raw	04	82.4	19.1	0	0.68	0.0	0.0	0.14	0.22
27029	Truite d'élevage, fumée	Trout, farmed, smoked	04	180.0	23.4	0.69	9.27	0.0	0.0	3.18	1.71
27030	Bar commun ou loup, rôti/cuit au four	European bass, roasted/baked	04	147.0	22.2	0	6.51	0.0	0.0	0.17	1.27
27031	Dorade (Daurade) royale, cuite au four	Gilthead seabream, roasted/baked	04	148.0	23.6	0	5.9	0.0	0.0	0.18	1.3
28001	Porc, épaule, crue	Pork, shoulder, raw	04	178.0	18.9	0.38	11.2	0.0	0.0	0.12	4.41
28002	Porc, poitrine, crue	Pork, belly, raw	04	253.0	17.0	0.0	20.5		0.0	0.14	7.89
28003	Porc, longe, crue	Pork loin, raw	04	175.0	20.8	0.75	9.89	0.0	0.0	0.17	3.51
28004	Porc, jarret, cru	Pork, knuckle or shank, raw	04	187.0	19.9	0.0	12.0	0.0	0.0	0.21	3.94
28007	Porc, longe, cuite	Pork loin, cooked	04	240.0	27.1	0.0	14.7	0.0	0.0	0.15	5.37
28009	Porc, palette, crue	Pork shoulder, raw	04	208.0	24.8	0	12.1		0.0	0.18	4.57
28010	Porc, épaule, cuite	Pork, shoulder, cooked	04	253.0	30.0	0.0	14.8	0.0	0.0	0.12	5.56
28100	Porc, côte, crue	Pork, chop, raw	04	164.0	19.8	0.38	9.3	0.0	0.0	0.12	3.75
28101	Porc, côte, grillée	Pork, chop, grilled	04	211.0	29.6	0.0	10.3		0.0	0.14	4.11
28102	Porc, rouelle de jambon, crue	Pork, round steak, raw	04	149.0	20.2	0.0	7.56	0.0	0.0	0.14	2.51
28103	Porc, rouelle de jambon, cuite	Pork, round steak, cooked	04	266.0	36.9	0	13.1		0.0	0.18	
28104	Porc, carré, cru	Pork, rack, raw	04	146.0	22.7	0.4	5.94		0.0	0.094	2.4
28105	Porc, carré, cuit	Pork, rack, cooked	04	206.0	34.1	0.6	7.45	0.0	0.0	0.097	3.03
28201	Porc, filet, maigre, cru	Pork tenderloin, lean, raw	04	117.0	21.2	0.0	3.6	0.0	0.0	0.18	1.43
28202	Porc, filet, maigre, en rôti, cuit	Pork tenderloin roast, cooked	04	198.0	28.3	0.0	9.39	0.0	0.0	0.15	
28203	Porc, filet mignon, cuit	Pork filet mignon, cooked	04	168.0	26.1	0	7.1		0.0	0.13	2.58
28204	Porc, filet mignon, cru	Pork filet mignon, raw	04	123.0	21.2	0.4	4.09	0.0	0.0	0.11	1.69
28205	Porc, viande, cuite (aliment moyen)	Pork, meat, cooked (average)	04	205.0	29.1	0.24	9.78		0.0	0.12	3.52
28300	Porc, rôti, cru	Pork, roast, raw	04	153.0	22.3	0.5	6.86	0.0	0.0	0.1	2.84
28301	Porc, rôti, cuit	Pork, roast, cooked	04	163.0	30.5	0.65	4.31	0.0	0.0	0.081	1.32
28302	Porc, échine, crue	Pork, loin, raw	04	198.0	18.0	0.1	14.0	0.0	0.0	0.19	5.4
28400	Porc, travers, cru	Pork, spare-ribs, raw	04	237.0	18.0	0.6	18.0	0.0	0.0	0.12	7.16
28401	Porc, travers, braisé	Pork, spare-ribs, braised	04	333.0	23.1	0.13	26.6	0.0	0.0	0.12	10.7
28451	Porc, échine, rôtie/cuite au four	Pork, loin, roasted/baked	04	295.0	26.2	0.05	21.2	0.0	0.0	0.15	
28460	Porc, escalope de jambon, crue	Pork, ham escalope, raw	04	129.0	21.5	0.0	4.76	0.0	0.0	0.12	1.97
28461	Porc, escalope de jambon, cuite	Pork, ham escalope, cooked	04	200.0	36.0	0	6.2		0.0	0.19	1.85
28470	Porc, bardière découennée, crue	Pork, back fat, rindless, raw	04	744.0	4.51	0.1	80.6	0.1	0.0	0.1	28.7
28471	Porc, gorge, découennée, crue	Pork, jowl, rindless, raw	04	475.0	11.6	0.14	47.5	0.14	0.0	0.17	16.0
28472	Porc, hachage sans jarret, sans bateau, découenné, dégraissé, désossé, cru	Pork, shoulder lower half, without rind, fat and bone, raw	04	187.0	18.9	0.23	12.3	0.23	0.0	0.2	4.14
28473	Porc, jambon sans jarret, sans bateau, découenné, dégraissé, désossé, cru	Pork, way leg, without rind, fat and bone, raw	04	141.0	20.9	0.28	6.3	0.28	0.0	0.18	2.11
28474	Porc, jambonneau arrière, découenné, dégraisssé, désossé, cru	Pork, knuckle oh ham, without rind, fat and bone, raw	04	148.0	20.2	0.28	7.31	0.28	0.0	0.22	2.4
28475	Porc, maigre 90/10, cru	Pork, 90/10 trimming, raw	04	212.0	18.8	0.24	15.1	0.24	0.0	0.17	5.46
28476	Porc, maigre 80/20, cru	Pork, 80/20 trimming, raw	04	293.0	17.3	0.26	24.7	0.26	0.0	0.17	9.16
28477	Porc, palette, découennée, dégraissée, désossée, crue	Pork, shoulder upper half, without rind, fat and bone, raw	04	174.0	19.9	0.25	10.4	0.25	0.0	0.2	3.58
28479	Porc, poitrine cutter, sans mouille, crue	Pork, belly, flank removed, raw	04	323.0	15.9	0.22	28.7	0.22	0.0	0.18	10.2
28480	Porc, rôti filet avec chaînette, cru	Prok, eye of shortloin, raw	04	146.0	22.3	0.37	6.2	0.37	0.0	0.16	2.21
28501	Lardon nature, cru	Lardoons, raw	04	270.0	16.6	1.01	22.1	0.78	0.38	2.72	7.91
28502	Poitrine de porc, fumée, crue	Pork belly, smoked, raw	04	303.0	15.6	0.79	26.1	0.75	1.0	2.41	9.39
28503	Bresaola	Bresaola	04	165.0	31.6	0.0	4.3	0.0	0.0	3.46	2.04
28504	Lardon nature, cuit	Lardoons, cooked	04	324.0	23.8	2.0	24.5		0.0	3.8	12.6
28505	Corned-beef, appertisé	Corned-beef, canned	04	188.0	23.1	0.05	10.5	0.1	0.75	1.95	4.54
28530	Oreille de porc demi-sel	Pork ear sat-cured	04	228.0	22.5	0.6	15.1		0.0	0.48	5.39
28540	Pied de porc demi-sel	Pork trotters salt-cured	04	137.0	11.6	0.01	10.0	0.0	0.0	2.37	2.95
28550	Poitrine de porc demi-sel	Pork belly salt-cured	04	268.0	16.8	0.75	22.0	0.6	0.0	2.0	8.3
28700	Jambon de porc à cuire ou Jambon à rôtir/cuire au four	Pork ham, intended to be cooked or pork ham, intended to be roast/bake	04	161.0	19.9	0.0	9.08	0.0	0.0	0.16	3.11
28720	Lardon fumé, cru	Smoked lardoons, raw	04	275.0	16.7	0.96	22.6	0.8	0.34	2.63	8.0
28725	Lardon fumé, cuit	Smoked lardoons, cooked	04	261.0	14.7	0.8	22.1	0.8	0.0	2.59	8.25
28727	Filet de bacon	Bacon, back	04	118.0	23.1	0.7	2.6	0.1	0.0	3.18	1.02
28800	Jambon cru	Cured ham, raw	04	225.0	25.9	0.76	13.2	0.75	0	5.67	5.09
28801	Jambon cru, fumé	Cured ham, raw, smoked	04	246.0	24.2	0.98	16.1	0.53	0.0	5.17	6.72
28802	Jambon sec, découenné, dégraissé	Dry-cured ham, fat and rind removed	04	192.0	26.3	0.3	9.5	0.3	0.0	6.09	3.47
28803	Jambon cuit, fumé	Cooked ham, smoked	04	135.0	20.0	0.79	5.8	0.62	0.1	1.93	2.36
28804	Jambon cru, fumé, allégé en matière grasse	Cured ham, raw, smoked, reduced fat	04	142.0	27.7	0.1	3.4		0.0	4.24	0.71
28811	Jambon de Bayonne	Bayonne Cured ham, raw, smoked	04	228.0	28.0	0.63	12.6	0.5	0	5.75	4.93
28812	Jambon sec	Dry-cured ham	04	230.0	28.7	0.48	12.6	0.33	0	5.7	4.99
28844	Jambon sec de Parme	Parma dry-cured ham	04	248.0	27.2	0.3	15.4	0.3	0.0	5.53	5.42
28845	Jambon sec Serrano	Serrano dry-cured ham	04	235.0	30.4	0.76	12.3	0.36	0	5.02	5.2
28850	Coppa	Coppa	04	284.0	25.0	1.0	20.0	0.5	0.0	4.5	6.83
28858	Pancetta ou Poitrine roulée sèche	Pancetta, dried	04	342.0	20.2	0.75	28.8	0.43	0.0	4.14	12.5
28860	Viande des Grisons	Viande des Grisons or Bündnerfleisch or dried beef meat	04	209.0	38.9	1.0	5.47	1.0	0.0	3.83	2.52
28900	Jambon cuit, supérieur	Cooked ham, superior quality	04	125.0	20.8	0.81	4.28	0.77	0.075	1.79	1.58
28901	Jambon cuit, supérieur, avec couenne	Cooked ham, superior quality, with rind	04	137.0	20.2	0.91	5.82	0.77	0.33	1.87	2.13
28902	Jambon cuit, supérieur, découenné	Cooked ham, superior quality, rind less	04	117.0	20.5	0.77	3.52	0.76	0.05	1.87	1.36
28905	Jambon à l'os braisé	Braised ham on the bone	04	238.0	21.6	0.3	16.8	0.0	0.0	2.97	5.98
28906	Jambon cuit, supérieur, découenné dégraissé	Cooked ham, superior quality, rind less and fatless	04	119.0	20.3	1.03	3.66	0.82	0.32	1.82	1.24
28907	Jambon cuit, supérieur, à teneur réduite en sel	Cooked ham, superior quality, reduced salt	04	121.0	20.8	0.74	3.83	0.74	0.21	1.48	1.5
28910	Jambon cuit, choix	Cooked ham, choice	04	125.0	19.5	1.7	4.5	1.7	0.08	2.1	1.78
28911	Épaule de porc, cuite, choix, découennée dégraissée	Cooked pork shoulder, choice	04	121.0	18.0	1.93	4.5	1.35	0.25	2.33	1.4
28912	Jambon cuit, choix, avec couenne	Cooked ham, choice, w rind	04	137.0	19.4	0.55	6.3	0.1	0.0	3.06	
28913	Jambon cuit, choix, découenné dégraissé	Cooked ham, choice, rind less and fatless	04	114.0	19.6	1.61	3.24	1.32	0.15	1.96	1.18
28917	Rond de jambon cuit	Round of ham, cooked	04	182.0	20.3	1.4	10.6		0.0		
28922	Dés, allumettes, râpé ou haché de jambon	Ham in cube, grated or minced	04	121.0	17.9	2.08	4.46	1.69	0.36	2.06	1.81
28924	Épaule de porc, cuite, standard, découennée dégraissée	Cooked pork shoulder, standard, rind less and fatless	04	123.0	13.7	3.58	5.98		0.0	3.62	
28925	Jambon cuit, de Paris, découenné dégraissé	Cooked ham, Parisian-style, rind less and fatless	04	115.0	20.0	1.08	3.42		0.0		
28927	Haché de volaille	Poultry, minced meat	04	137.0	17.7	3.5	5.68	1.4	0.63	1.3	1.88
28929	Dés, allumettes, râpé ou haché de jambon de volaille	Poultry ham in cube, grated or minced	04	132.0	18.0	1.58	5.88	1.25	0.5	2.2	2.35
28960	Jambonneau, cuit	Knuckle of ham, cooked	04	162.0	23.2	0.4	7.52	0.4	0.0	2.12	2.93
28963	Jambon de poulet ou Blanc de poulet en tranche	Chicken cooked ham, in slices	04	106.0	20.7	1.39	1.79	1.13	0.53	1.86	0.54
28964	Jambon de dinde ou Blanc de dinde en tranche	Turkey cooked ham, in slices	04	104.0	20.9	1.29	1.67	1.08	0.39	1.9	0.54
28976	Rôti de volaille en salaison, cuit	Salt curing roast poultry, cooked	04	110.0	22.0	1.28	1.73	0.97	0.44	2.0	0.55
29209	Boisson au soja et jus de fruits concentrés, préemballée	Soy drink, w concentrated fruit juice, prepacked	06	56.2	2.3	9.5	1.0	5.8	0	0.22	
30005	Chipolata, cuite	Chipolata sausage, cooked	04	282.0	18.8	0.8	22.4	0.4	0.0	2.15	8.27
30011	Saucisse de Toulouse, cuite	Toulouse sausage, cooked	04	274.0	18.8	0.0	22.1	0.0	0.0	1.71	8.2
30050	Chair à saucisse, crue	Sausage meat, raw	04	323.0	14.7	0.6	29.1		0.0	1.39	
30051	Chair à saucisse, pur porc, crue	Sausage meat, pure pork, raw	04	273.0	15.4	5.25	21.2		0.0	0.14	7.87
30052	Farce porc et boeuf, crue	Sausage meat, pork and beef, raw	04	309.0	11.8	4.4	26.5		2.6		
30104	Saucisse de Morteau	Morteaux sausage	04	397.0	16.0	1.0	36.6	0.5	0.0	2.6	
30105	Saucisse de Montbéliard	Montbeliard sausage	04	319.0	17.3	1.0	27.3	0.75	0.0	2.33	10.5
30108	Saucisse de Morteau, bouillie/cuite à l'eau	Morteaux sausage, boiled/cooked in water	04	323.0	15.2	0.0	29.1	0.0	0	2.02	12.2
30110	Saucisse de Toulouse, crue	Toulouse sausage, raw	04	327.0	13.2	1.0	30.0	1.0	0	1.89	11.3
30115	Chipolata, crue	Chipolata slim sausage, raw	04	253.0	15.8	1.0	20.6	0.32	0.4	1.58	7.61
30130	Saucisse de volaille, façon charcutière	Poultry sausage, delicatessen style	04	231.0	16.8	1.19	17.7	0.9	0	1.75	6.2
30131	Saucisse de volaille, type Knack	Poultry sausage	04	236.0	14.0	1.82	18.9	1.01	0.0	1.87	5.34
30134	Saucisse de Francfort	Frankfurter sausage	04	271.0	13.7	1.24	23.4	1.0	0.25	2.0	9.0
30150	Merguez, crue	Merguez sausage, raw	04	316.0	13.5	2.5	28.0	2.0	0.0	1.48	11.2
30155	Merguez, boeuf et mouton, cuite	Merguez sausage, beef and mutton, cooked	04	283.0	19.8	1.8	21.8	1.6	0.0	2.33	12.0
30156	Merguez, boeuf et mouton, crue	Merguez sausage, beef and mutton, raw	04	315.0	14.0	2.8	27.6	0.0	0.0	1.58	
30176	Saucisse de foie	Liver sausage	04	374.0	11.7	0.9	35.9	0.9	0.3	2.03	12.0
30181	Haché végétal à base de soja, préemballé	Soy-based minced	01	143.0	11.5	7.01	5.8	4.19	5.23	0.78	0.64
30300	Saucisson sec	Dry sausage	04	418.0	24.2	2.41	34.5	1.2	0.73	4.75	11.3
30301	Saucisson sec pur porc	Dry sausage, pure pork	04	417.0	28.7	1.79	32.3	1.4	0.0	4.46	12.2
30302	Saucisson sec pur porc, qualité supérieure	Dry sausage, pure pork, superior quality	04	366.0	27.7	1.65	27.6	1.65	0.25	4.22	10.9
30304	Rosette ou Fuseau	Rosette dry sausage	04	380.0	24.2	1.79	30.7	1.46	0	4.56	11.8
30309	Saucisse sèche	Sausage, dried	04	451.0	27.3	1.7	37.1	1.21	0.59	4.74	14.5
30311	Saucisson sec aux noix et/ou noisettes	Dry sausage w walnuts and/or hazelnuts	04	477.0	27.7	1.78	39.7	1.04	0.75	4.31	14.1
30315	Chorizo	Spicy pork sausage with red pepper, no precision	04	433.0	23.5	3.05	36.1	2.01	0.93	4.24	14.3
30316	Chorizo supérieur, doux ou fort, type saucisse sèche	Dry spicy pork sausage with red pepper	04	476.0	20.9	2.6	41.9	2.6	0.0	3.91	16.0
30317	Chorizo supérieur, doux ou fort, type charcuterie en tranches	Spicy pork sausage with red pepper, in large slices	04	322.0	22.6	2.1	23.9	2.1	0.0	4.3	8.8
30350	Salami	Salami	04	451.0	17.7	1.05	41.8	0.1	0	4.05	16.2
30351	Salami pur porc	Salami, pure pork	04	400.0	22.6	1.6	33.7		0.0	5.65	11.9
30352	Salami porc et boeuf	Salami, pork and beef	04	351.0	21.5	1.56	28.8	0.61	0.0	4.37	10.4
30366	Salami type danois	Salami, Danish-style	04	459.0	17.0	1.35	42.9	0.56	0.0	4.13	15.4
30700	Saucisson à l'ail	Garlic sausage	04	280.0	15.0	1.63	23.6	0.86	0.63	2.0	9.92
30701	Saucisson cuit pur porc	Cooked sausage, pure pork	04	322.0	13.8	1.3	29.0		0	1.9	
30705	Saucisson de Paris	Sausage from Paris	04	346.0	12.5	0.6	32.7	0.5	0	1.73	3.5
30706	Saucisson de Paris, fumé	Sausage from Paris, smoked	04	288.0	13.7	0.6	25.6		0		
30707	Saucisson brioché, cuit	Sausage in a brioche crust, cooked	04	309.0	14.7	22.6	17.4	3.8	2.0	1.38	8.6
30730	Cervelas	Saveloy or cervelat	04	278.0	11.9	1.56	24.8	0.63	0.4	1.95	9.37
30731	Cervelas obernois	Saveloy or cervelat (from Obernai Alsace)	04	305.0	13.0	1.0	27.5	0.6	0.6	2.0	11.5
30732	Cervelas à l'ail, pur porc	Saveloy or cervelat, pure pork with garlic	04	297.0	12.5	0.2	27.4		0		
30742	Saucisse de Strasbourg ou Knack	Strasbourg sausage	04	291.0	12.4	1.39	25.9	1.06	1.37	2.21	10.9
30746	Saucisse cocktail	Cocktail sausage	04	290.0	12.7	1.46	25.9	1.09	0.27	2.1	9.59
30764	Saucisse de jambon pur porc	Ham sausage	04	224.0	15.7	1.0	17.5	0.7	0.0	2.0	6.8
30780	Saucisse (aliment moyen)	Sausage (average)	04	281.0	17.3	0.88	23.0	0.65	0.29	2.05	9.44
30789	Mortadelle	Mortadella	04	305.0	15.0	1.4	26.7	0.0	0.0	2.13	10.6
30790	Mortadelle, pur porc	Mortadella, pure pork	04	298.0	14.8	1.55	25.8	1.0	0.0	2.14	9.85
30791	Mortadelle, porc et boeuf	Pork and beef mortadella	04	297.0	16.4	0.7	25.4	0.0	0.0	3.12	9.51
30797	Mortadelle pistachée pur porc	Mortadella with pistachios, pure pork	04	320.0	14.4	1.16	28.2	0.48	1.97	2.08	11.4
30900	Charcuterie (aliment moyen)	Cured meat and sausages (average)	04	238.0	19.7	1.47	17.1	0.86	0.25	2.47	6.61
30999	Confiture ou Marmelade, tout type de fruits, teneur en sucre inconnue (aliment moyen)	Jam or marmalade, sugar content not known, (average)	07	228.0	0.37	56.5	0.29	55.5	1.05	0.02	0.053
31000	Barre chocolatée biscuitée	Chocolate bar with biscuit	07	523.0	6.14	60.5	28.1	46.9	1.93	0.39	16.0
31001	Barre chocolatée non biscuitée enrobée	Coated chocolate bar without biscuit	07	496.0	3.7	66.4	24.1	60.5	0.6	0.5	13.5
31002	Barre à la noix de coco, enrobée de chocolat	Coconut bar, with chocolate coating	07	475.0	3.88	60.2	23.8	53.0	3.0	0.5	18.3
31004	Chocolat au lait, tablette	Milk chocolate bar	07	537.0	7.5	55.6	30.8	53.1	2.9	0.2	18.7
31006	Confiture ou Marmelade, tout type de fruits (aliment moyen)	Jam or marmalade (average)	07	249.0	0.29	60.2	0.31	59.0	0.91	0.019	0.055
31007	Chewing-gum, sucré	Chewing gum, with sugar	07	372.0	0.25	90.6	0.32	68.1	2.4	0.006	0.042
31012	Barres ou confiserie chocolatées au lait	Chocolate confectionery or bar, with dairy filling	07	551.0	8.75	50.9	34.2	43.3	1.7	0.23	16.6
31014	Pâte de fruits	Fruit jelly	07	336.0	1.69	76.6	1.8	69.2	3.9	0.078	0.0
31020	Chocolat au lait sans sucres ajoutés, avec édulcorants, tablette	Milk chocolate bar, without sugar, with sweeteners	07	487.0	5.75	54.2	34.6	11.3	2.0	0.34	21.2
31023	Marron glacé	Iced chestnut	07	324.0	0.94	79.5	0.25	56.6	0.9	0.08	0.005
31024	Confiture de fraise (extra ou classique)	Jam, strawberry	07	251.0	0.25	60.5	0.5	60.1	0.7	0.018	0.11
31027	Fruit confit	Candied fruits	07	298.0	0.25	72.3	0.15	62.9	3.3	0.14	0.0
31030	Chocolat noir sans sucres ajoutés, avec édulcorants, en tablette	Dark chocolate bar, without sugar and with artificial sweeteners	07	525.0	8.48	34.1	42.3	2.0	10.2	0.0063	26.6
31035	Barre glacée chocolatée	Ice cream, chocolate coated	08	359.0	5.12	35.8	21.4	27.7	1.31	0.29	15.2
31037	Confiture d'abricot (extra ou classique)	Jam, apricot	07	247.0	0.25	59.7	0.3	56.8	1.1	0.013	0.041
31039	Marmelade d'orange	Marmalade, orange	07	246.0	0.25	59.3	0.4	56.9	1.5	0.015	0.14
31041	Confiserie au chocolat dragéifiée	Chocolate confectionery, sugar coated	07	505.0	5.49	65.0	24.3	57.4	1.98	0.28	15.0
31042	Cacahuètes enrobées de chocolat dragéifiées	Sugar and chocolate coated peanut	07	499.0	9.5	55.9	25.0	50.5	5.9	0.12	9.87
31047	Gélifiant pour confitures	Gelling agent for jam	10	278.0	0.0	62.0	0.0	62.0	15.0		
31054	Chewing-gum, sans sucre	Chewing gum, without sugar	07	228.0	0.69	78.1	0.45	0.015	1.98	0.026	0.17
31068	Confiture de myrtilles (extra ou classique)	Jam, blueberry	07	246.0	0.25	58.9	0.4	58.9	2.1	0.006	0.014
31070	Chocolat noir aux fruits secs (noisettes, amandes, raisins, praline), tablette	Dark chocolate bar, with dried fruits (nuts, almonds, raisin, praline)	07	567.0	8.69	40.7	39.0	38.2	8.4	0.03	17.5
31071	Barre chocolatée aux fruits secs	Chocolate bar with dried fruits	07	494.0	7.23	57.6	26.0	45.1	1.53	0.38	9.53
31074	Chocolat noir à 70% cacao minimum, extra, dégustation, tablette	Dark chocolate bar, more than 70% cocoa	07	591.0	10.4	26.9	46.3	17.9	12.8	0.02	28.7
31087	Édulcorant à base d'extrait de stévia	Stevia sweetener	07	238.0	0	98.0	0.2	0.3	0.5	0.42	0.0
31092	Calissons d'Aix en Provence	Melon and almond Candy on a unleavened bread layer	07	440.0	7.88	60.3	18.0	50.1	2.7	0.03	1.65
31095	Gelée de groseille (extra ou classique)	Jelly, currant (red)	07	246.0	0.25	59.6	0.15	58.7	0.25	0.006	
31098	Barre chocolat au lait avec nougat	Toblerone milk cholcolate bar w nougat	07	532.0	5.8	60.5	29.0	60.1	2.9	0.11	17.4
31100	Barre céréalière pour petit déjeuner au lait, chocolatée ou non, enrichie en vitamines et minéraux	Milky cereal breakfast bar, with chocolate or not, fortified with vitamins and minerals	07	382.0	7.06	79.5	3.2	28.1	4.5	0.54	1.74
31101	Barre céréalière "équilibre" aux fruits, enrichie en vitamines et minéraux	Cereal bar with fruit, fortified with vitamins and minerals	07	379.0	6.13	72.8	6.53	30.2	4.13	0.75	3.5
31102	Barre céréalière "équilibre" chocolatée, enrichie en vitamines et minéraux	Cereal bar with chocolate, fortified with vitamins and minerals	07	418.0	5.99	72.9	10.9	32.4	3.7	0.7	6.65
31104	Barre céréalière diététique hypocalorique	Cereal bar, low calorie	07	386.0	5.9	65.3	11.2	8.5	5.8	0.75	9.6
31106	Barre céréalière chocolatée	Chocolate cereal bar	07	451.0	6.55	73.0	14.9	32.9	4.5	0.51	7.37
31109	Pollen, partiellement séché	Pollen, partially dried	10	358.0	21.9	52.5	4.2	36.5	11.3	0.22	
31110	Confiture, tout type de fruits, allégée en sucres (extra ou classique)	Jam, reduced sugar	07	162.0	0.75	38.0	0.15	38.0	1.8	0.023	0.044
31111	Pollen,frais	Pollen, fresh	10	285.0	17.5	37.7	5.17	26.8	9.07		1.81
31113	Barre céréalière aux fruits	Cereal bar w fruit	07	377.0	5.49	73.5	7.07	29.6	3.8	0.63	3.44
31114	Barre céréalière aux amandes ou noisettes	Cereal bar with almonds or hazelnuts	07	444.0	8.69	60.6	18.2	20.4	4.6	0.45	4.03
31120	Chocolat, en tablette (aliment moyen)	Chocolate bar	07	557.0	7.81	45.3	36.1	39.5	7.39	0.11	22.3
31121	Chewing-gum, teneur en sucre inconnue (aliment moyen)	Chewing gum, sugar level unknown (average)	07	279.0	0.53	82.5	0.41	24.0	2.12	0.019	0.12
32000	Grains de blé soufflés au miel ou caramel, enrichis en vitamines et minéraux	Breakfast cereals, popped or puffed wheat grain, with honey or caramel, fortified with vitamins and chemical elements	07	391.0	8.0	82.2	2.2	35.3	5.2	0.018	0.38
32001	Céréales pour petit déjeuner chocolatées, non fourrées, enrichies en vitamines et minéraux	Breakfast cereals, with chocolate, not filled, fortified with vitamins and chemical elements	07	408.0	8.13	70.4	8.9	26.2	6.7	0.53	3.0
32002	Céréales pour petit déjeuner riches en fibres, avec ou sans fruits, enrichies en vitamines et minéraux	Breakfast cereals, rich in fibre, with or without fruits, fortified with vitamins and chemical elements	07	360.0	11.5	59.3	4.42	22.1	18.3	1.27	1.91
32003	Céréales pour petit déjeuner (aliment moyen)	Breakfast cereals, sweet (average)	07	398.0	7.78	75.3	6.08	24.6	5.16	0.79	2.19
32004	Muesli (aliment moyen)	Muesli (average)	07	418.0	7.49	66.6	12.2	25.9	6.4	0.7	5.04
32005	Pétales de maïs natures, enrichis en vitamines et minéraux	Breakfast cereals, corn flakes, plain, fortified with vitamins and chemical elements	07	377.0	7.4	83.2	0.87	9.53	3.48	1.64	0.28
32006	Riz soufflé nature, enrichi en vitamines et minéraux	Breakfast cereals, puffed/popped rice, fortified with vitamins and chemical elements	07	391.0	6.66	87.0	1.5	8.0	1.0	1.15	0.3
32008	Céréales pour petit déjeuner riches en fibres, au chocolat, enrichies en vitamines et minéraux	Breakfast cereals, rich in fibre, with chocolate, fortified with vitamins and chemical elements	07	386.0	10.7	64.0	6.75	19.3	11.5	0.78	3.5
32009	Pétales de blé chocolatés, enrichis en vitamines et minéraux	Breakfast cereals, chocolate wheat grain flakes, fortified with vitamins and chemical elements	07	388.0	9.04	77.7	3.24	29.9	6.01	0.56	1.49
32011	Pétales de blé chocolatés (non enrichis en vitamines et minéraux)	Breakfast cereals, chocolate wheat grain flakes (not fortified with vitamins and chemical elements)	07	388.0	8.48	80.1	2.64	30.3	4.93	0.64	1.4
32012	Riz soufflé chocolaté (non enrichi en vitamines et minéraux)	Breakfast cereals, chocolate puffed/popped rice (not fortified with vitamins and chemical elements)	07	388.0	6.01	84.2	2.2	32.5	3.06	0.94	0.91
32013	Céréales chocolatées pour petit déjeuner, non fourrées, (non enrichies en vitamines et minéraux)	Breakfast cereals, with chocolate, not filled (not fortified with vitamins and chemical elements)	07	386.0	7.73	79.6	2.93	31.2	5.24	0.41	1.21
32014	Pétales de maïs natures (non enrichis en vitamines et minéraux)	Breakfast cereals, corn flakes, plain (not fortified with vitamins and chemical elements)	07	380.0	8.14	82.8	1.05	5.43	3.36	2.15	0.3
32016	Céréales pour petit déjeuner fourrées au chocolat ou chocolat-noisettes, enrichies en vitamines et minéraux	Breakfast cereals, filled with chocolate or chocolate-hazelnuts, fortified with vitamins and chemical elements	07	433.0	7.81	69.2	13.0	29.1	3.6	0.89	3.22
32017	Céréales pour petit déjeuner fourrées au chocolat ou chocolat-noisettes	Breakfast cereals, filled with chocolate or chocolate-hazelnuts	07	442.0	7.33	67.2	14.8	34.3	5.3	0.46	3.03
32018	Céréales pour petit déjeuner fourrées, fourrage autre que chocolat, enrichies en vitamines et minéraux	Breakfast cereals, filled with a filling other than chocolate, fortified with vitamins and chemical elements	07	419.0	8.42	64.7	13.3	31.2	3.32	0.77	5.52
32021	Céréales pour petit déjeuner "équilibre" nature ou au miel, enrichies en vitamines et minéraux	Breakfast cereals, diet, plain or with honey, fortified with vitamins and chemical elements	07	382.0	11.4	78.6	1.65	17.2	3.36	1.25	0.54
32022	Céréales pour petit déjeuner "équilibre" au chocolat, enrichies en vitamines et minéraux	Breakfast cereals, diet, with chocolate, fortified with vitamins and chemical elements	07	394.0	7.5	73.9	5.9	19.5	7.1	0.69	3.02
32023	Céréales pour petit déjeuner "équilibre" aux fruits, enrichies en vitamines et minéraux	Breakfast cereals, diet, with fruits, fortified with vitamins and chemical elements	07	378.0	10.5	77.9	1.74	20.6	4.4	1.06	0.57
32025	Céréales pour petit déjeuner "équilibre" aux fruits secs (à coque), enrichis en vitamines et minéraux	Breakfast cereals, diet, with dried fruits, fortified with vitamins and chemical elements	07	394.0	8.91	75.5	4.93	23.7	4.33	1.0	0.83
32028	Céréales pour petit déjeuner "équilibre" au chocolat (non enrichies en vitamines et minéraux)	Breakfast cereals, diet, with chocolate, not fortified	07	411.0	10.3	74.6	7.01	22.9	4.06	1.03	4.07
32029	Céréales pour petit déjeuner "équilibre" aux fruits (non enrichies en vitamines et minéraux)	Breakfast cereals, diet, with fruits, not fortified	07	378.0	10.5	78.7	1.4	19.0	4.32	1.24	0.32
32030	Céréales pour petit déjeuner "équilibre" nature (non enrichies en vitamines et minéraux)	Breakfast cereals, diet, plain, not fortified	07	379.0	11.3	79.0	1.25	15.4	3.45	1.18	0.39
32031	Céréales pour petit déjeuner, enrichies en vitamines et minéraux (aliment moyen)	Breakfast cereals, sweet, fortified with vitamins and chemical elements (average)	07	401.0	7.51	75.0	6.77	24.4	4.98	0.86	2.42
32032	Céréales pour petit déjeuner, non enrichies en vitamines et minéraux (aliment moyen)	Breakfast cereals, sweet,  not fortified with vitamins and chemical elements (average)	07	388.0	8.23	79.2	3.24	28.6	4.88	0.67	1.48
32107	Pétales de maïs glacés au sucre (non enrichis en vitamines et minéraux)	Breakfast cereals, corn flakes, sugar iced (not fortified with vitamins and chemical elements)	07	379.0	4.4	88.0	0.6	29.6	1.9	1.14	0.1
32108	Muesli croustillant aux fruits et/ou fruits secs, graines (non enrichi en vitamines et minéraux)	Muesli, crunchy, with fruits and/or dried fruits, grains (not fortified with vitamins and chemical elements)	07	436.0	8.88	59.7	16.7	21.7	8.68	0.34	6.61
32109	Muesli croustillant au chocolat (non enrichi en vitamines et minéraux)	Muesli, crunchy, with chocolate (not fortified with vitamins and chemical elements)	07	442.0	8.57	63.2	16.7	22.7	7.42	0.35	7.74
32110	Muesli floconneux aux fruits ou fruits secs, enrichi en vitamines et minéraux	Muesli, flakes (Bircher-style), with fruits or dried fruits, fortified with vitamins and chemical elements	07	361.0	9.19	65.4	5.0	23.8	8.6	0.49	0.75
32111	Muesli croustillant aux fruits ou fruits secs, enrichi en vitamines et minéraux	Muesli, crunchy, with fruits or dried fruits, fortified with vitamins and chemical elements	07	460.0	5.67	68.4	17.3	30.0	3.83	1.0	8.33
32112	Muesli croustillant au chocolat, avec ou sans fruits, enrichi en vitamines et minéraux	Muesli, crunchy, with chocolate, with or without fruits, fortified with vitamins and chemical elements	07	451.0	9.13	62.7	16.7	21.8	6.7	0.44	6.45
32113	Muesli floconneux aux fruits ou fruits secs, sans sucres ajoutés	Muesli, flakes (Bircher-style), with fruits or dried fruits, without sugar	07	400.0	10.7	61.6	11.0	18.6	5.7	0.25	1.0
32115	Grains de blé soufflés chocolatés, enrichis en vitamines et minéraux	Breakfast cereals, chocolate puffed/popped wheat grain, fortified with vitamins and chemical elements	07	385.0	8.82	75.2	4.01	44.4	6.43	0.25	2.54
32116	Céréales pour petit déjeuner très riches en fibres, enrichies en vitamines et minéraux	Breakfast cereals, very rich in fibre, fortified with vitamins and chemical elements	07	338.0	14.0	49.0	3.5	18.0	27.0	0.58	0.7
32121	Pétales de maïs glacés au sucre, enrichis en vitamines et minéraux	Breakfast cereals, corn flakes, sugar iced, fortified with vitamins and chemical elements	07	374.0	5.77	84.7	0.63	30.0	3.02	1.27	0.18
32123	Pétales de blé avec noix, noisettes ou amandes, enrichis en vitamines et minéraux	Breakfast cereals, wheat flakes with walnuts, hazelnuts or almonds, fortified with vitamins and chemical elements	07	386.0	10.3	67.9	6.3	20.9	8.07	1.5	0.83
32128	Muesli floconneux ou de type traditionnel	Muesli, flakes (Bircher-style)	07	382.0	10.6	68.5	4.83	11.9	11.4	0.15	0.83
32129	Boules de maïs soufflées au miel (non enrichies en vitamines et minéraux)	Breakfast cereals, puffed/popped corn, with honey (not fortified with vitamins and chemical elements)	07	393.0	5.71	86.2	2.35	30.9	2.3	0.71	0.6
32130	Blé khorasan complet soufflé	Khorasan wheat, wholemeal, puffed/popped	07	378.0	6.68	80.5	1.96		4.4	0.027	0.52
32131	Riz soufflé chocolaté, enrichi en vitamines et minéraux	Breakfast cereals, chocolate puffed/popped rice, fortified with vitamins and chemical elements	07	390.0	6.22	83.2	2.82	29.7	3.19	0.75	1.5
32133	Boules de maïs soufflées au miel, enrichies en vitamines et minéraux	Breakfast cereals, puffed/popped corn, with honey, fortified with vitamins and chemical elements	07	384.0	5.5	85.3	1.8	27.0	2.1	0.84	0.35
32134	Céréales complètes soufflées, enrichies en vitamines et minéraux	Breakfast cereals, puffed/popped cereals, wholemeal, fortified with vitamins and chemical elements	07	385.0	7.42	76.8	3.85	32.0	5.65	0.95	0.85
32135	Multi-céréales soufflées ou extrudées, enrichies en vitamines et minéraux	Breakfast cereals, mix of puffed or extruded cereals, fortified with vitamins and chemical elements	07	392.0	7.39	79.4	4.27	33.3	3.49	0.75	2.01
32138	Muesli floconneux aux fruits ou fruits secs (non enrichi en vitamines et minéraux)	Muesli, flakes (Bircher-style), with fruits or dried fruits (not fortified with vitamins and chemical elements)	07	369.0	9.5	61.7	6.9	20.6	11.0	0.1	2.12
32139	Muesli enrichi en vitamines et minéraux (aliment moyen)	Muesli, flakes, fortified with vitamins and chemical elements (average food)	07	424.0	6.96	67.3	12.8	27.7	5.58	0.81	5.55
32140	Flocon d'avoine précuit	Oat flakes, pre-cooked, raw	07	370.0	11.0	58.0	7.7	1.84	10.6	0.011	1.36
32141	Muesli non enrichi en vitamines et minéraux (aliment moyen)	Muesli, flakes, not fortified with vitamins and chemical elements (average food)	07	401.0	9.2	60.7	11.6	21.1	9.88	0.22	4.29
34000	Lapin, viande braisée	Rabbit, meat, braised	04	197.0	30.4	0.0	8.41	0.0	0.0	0.093	2.73
34001	Lapin, viande crue	Rabbit, meat, raw	04	189.0	20.4	0.66	11.6	0.0	0.0	0.14	4.74
34002	Lapin, viande cuite	Rabbit, meat, cooked	04	167.0	20.5	0.5	9.2		0.0	0.16	3.42
34003	Lapin de garenne, viande, crue	Rabbit, wild, meat, raw	04	108.0	21.8	0.0	2.32		0.0	0.13	0.69
34004	Lapin de garenne, viande, cuite	Rabbit, wild, meat, cooked	04	164.0	33.0	0.0	3.51	0.0	0.0	0.11	1.05
34500	Grenouille, cuisse, crue	Frog, leg, raw	04	70.0	16.2	0.66	0.28	0.0	0.0	0.14	0.073
36000	Poule, viande et peau, crue	Hen, meat and skin, raw	04	215.0	17.8	0.4	15.8	0.0	0.0	0.18	4.38
36001	Poule, viande ,crue	Hen, meat only, raw	04	124.0	20.9	0.0	4.51	0.0	0.0	0.16	1.12
36002	Poulet, cuisse, viande et peau, cru	Chicken, leg, meat and skin, raw	04	192.0	17.3	0.0	13.5	0	0.0	0.22	3.85
36003	Poulet, viande, crue	Chicken, meat, raw	04	113.0	20.0	0.0	3.73	0.0	0.0	0.2	0.85
36004	Poulet, cuisse, viande et peau, rôtie/cuite au four	Chicken, leg, meat and skin, roasted/baked	04	213.0	25.9	2.0	11.3	0.0	0.0	0.23	4.44
36005	Poulet, viande et peau, rôti/cuit au four	Chicken, meat and skin, roasted/baked	04	213.0	28.9	2.1	9.88	0.0	0.0	0.4	2.78
36006	Poulet, cuisse, viande, rôti/cuit au four	Chicken leg, meat, roasted/baked	04	171.0	24.8	0.0	8.03	0.0	0.0	0.26	2.2
36007	Poulet (var. blanc), viande et peau, cru	Chicken, white race, meat and skin, raw	04	123.0	21.2	0.0	4.3		0.0	0.2	
36008	Poulet fermier, viande et peau, cru	Chicken, free-range, meat and skin, raw	04	135.0	21.5	0.2	5.4	0.2	0.0	0.21	2.3
36014	Poule, cuisse, crue	Chicken, stewing, leg, raw	04	131.0	19.6	0.0	5.92	0.0	0.0	0.27	1.51
36016	Poulet, viande et peau, cru	Chicken, meat and skin, raw	04	173.0	20.2	0.3	10.1	0.2	0.0	0.16	2.81
36017	Poulet, filet, sans peau, cru	Chicken, breast, without skin, raw	04	110.0	23.4	0.0	1.5	0	0.0	0.11	0.44
36018	Poulet, filet, sans peau, sauté/poêlé	Chicken, breast, without skin, cooked	04	141.0	30.1	0.0	2.0	0	0.0	0.14	0.58
36019	Poulet, haut de cuisse, viande, cru	Chicken high leg, meat, raw	04	116.0	19.7	0.0	4.12	0.0	0.0	0.24	1.1
36020	Poulet éviscéré sans abats, cru	Chicken, eviscerated without offal, raw	04	210.0	18.6	0	15.1		0.0	0.18	
36022	Poulet, pilon, cru	Chicken, drumstick, raw	04	155.0	18.4	0.0	9.05	0.0	0.0	0.23	2.49
36023	Poulet, aile, viande et peau, cru	Chicken, wing, meat and skin, raw	04	181.0	20.4	0.0	11.0	0.0	0.0	0.22	3.04
36024	Poulet, cuisse, viande, cru	Chicken, leg, meat, raw	04	114.0	19.3	0.0	4.05	0.0	0.0	0.23	1.03
36027	Poulet, croquette panée ou nuggets	Chicken, nugget, breaded croquette	04	250.0	15.6	19.4	11.6	1.3	2.4	1.37	2.68
36029	Poulet, poitrine, viande et peau, cru	Chicken, breast, meat and skin, raw	04	157.0	21.1	0.0	8.08	0.0	0.0	0.16	2.32
36030	Poulet, cuisse, viande, bouilli/cuit à l'eau	Chicken leg, meat, boiled/cooked in water	04	188.0	24.8	0.7	9.52	0.0	0.0	0.23	
36031	Poulet, cuisse, viande et peau, bouilli/cuit à l'eau	Chicken, leg, meat and skin, boiled/cooked in water	04	188.0	26.1	0.275	9.1	0.1	0.0	0.18	2.64
36032	Poulet, poitrine, viande et peau, rôti/cuit au four	Chicken, breast, meat and skin, roasted/baked	04	189.0	29.8	0.0	7.78	0.0	0.0	0.18	2.19
36033	Poulet, aile, viande et peau, rôti/cuit au four	Chicken, wing, meat and skin, roasted/baked	04	247.0	23.8	0.0	16.9	0.0	0.0	0.25	4.98
36035	Poulet, manchons marinés, rôtis/cuits au four	Chicken, marinated wing, roasted/baked	04	213.0	22.4	2.1	12.6	0.6	0.9	1.69	3.16
36036	Poulet, escalope panée	Turkey, breaded escalope	04	339.0	7.25	21.7	24.0	1.9	3.4	1.26	5.28
36037	Poulet, cuisse, viande et peau, cru, bio	Chicken, leg, meat and skin, raw, organic	04	193.0	18.1	0.0	13.3	0	0.0	0.19	3.82
36038	Poulet, cuisse, viande et peau, cru, label rouge	Chicken, leg, meat and skin, raw, label rouge	04	173.0	19.1	0.0	10.6	0	0.0	0.21	3.03
36039	Poulet, filet, sans peau, cru, bio	Chicken, breast, without skin, raw, organic	04	118.0	24.6	0.0	1.8	0	0.0	0.095	0.54
36040	Poulet, filet, sans peau, cru, label rouge	Chicken, breast, without skin, raw, label rouge	04	113.0	25.2	0.0	1.0	0	0.0	0.1	0.3
36041	Poulet, filet, sans peau, sauté/poêlé, bio	Chicken, breast, without skin, cooked, organic	04	144.0	31.1	0.0	1.8	0	0.0	0.12	0.62
36050	Chapon, viande et peau, cru	Capon, meat and skin, raw	04	183.0	21.8	0.0	10.6	0.0	0.0	0.56	1.5
36051	Chapon, viande et peau, rôti/cuit au four	Capon, meat and skin, roasted/baked	04	221.0	29.0	0.0	11.7		0.0	0.12	3.26
36100	Caille, viande et peau, crue	Quail, meat and skin, raw	04	136.0	21.5	0.0	5.55	0.0	0.0	0.13	0.6
36101	Caille, viande, crue	Quail, meat, raw	04	126.0	22.5	0.5	3.81	0.5	0.0	0.12	1.21
36102	Caille, viande et peau, cuite	Quail, meat and skin, cooked	04	206.0	26.8	0.0	10.9	0.0	0.0	0.13	3.06
36200	Canard, viande et peau, rôti/cuit au four	Duck, meat and skin, roasted/baked	04	331.0	19.0	0.0	28.4	0.0	0.0	0.15	9.67
36201	Canard, viande, crue	Duck, meat, raw	04	126.0	19.4	0.0	5.33	0.0	0.0	0.19	1.94
36202	Canard, viande, rôtie/cuite au four	Duck, meat, roasted/baked	04	194.0	23.3	0.0	11.2	0.0	0.0	0.39	3.48
36203	Canard, cuisse avec peau, sans os, crue	Duck, leg, meat and skin, raw	04	103.0	18.7	0	3.1		0.0	0.26	1.05
36204	Canard, viande et peau, cru	Duck, meat and skin, raw	04	284.0	17.4	2.75	22.6	0.2	0.0	0.14	7.47
36205	Canard, magret, grillé/poêlé	Duck, magret, cooked in pan	04	222.0	26.7	0	12.8	0.0	0.0	1.09	2.46
36206	Canard, magret, cru	Duck, breast fillet	04	340.0	17.9	0.85	29.4	0.7	0.0	0.21	8.95
36300	Dinde, viande et peau, crue	Turkey, meat and skin, raw	04	132.0	23.4	0.0	4.31		0.0	0.25	1.15
36301	Dinde, viande, crue	Turkey, meat, raw	04	110.0	22.4	0.8	1.88	0.14	0.0	0.25	0.52
36302	Dinde, viande, rôtie/cuite au four	Turkey, meat, roasted/baked	04	151.0	29.1	0.0	3.84	0.0	0.0	0.25	0.96
36304	Dinde, escalope, crue	Turkey, escalope, raw	04	109.0	24.1	0.51	1.22	0.32	0.0	0.2	0.29
36305	Dinde, cuisse, viande et peau, crue	Turkey, leg, meat and skin, raw	04	150.0	19.8	0.0	7.85	0.0	0.0	0.24	2.24
36306	Dinde, escalope, sautée/poêlée	Turkey, escalope, sautéed/pan-fried, with salt	04	124.0	28.5	0.0	1.09		0.0	0.16	0.51
36307	Dinde, cuisse, viande sans peau, crue	Turkey, leg, meat only, raw	04	109.0	21.3	0.4	2.5	0.1	0.0	0.31	0.68
36308	Dinde, escalope, rôtie/cuite au four	Turkey, escalope, roasted/baked	04	128.0	24.6	0.5	3.04	0.0	0.0	0.25	1.0
36310	Dinde, aile, crue	Turkey, wing, raw	04	192.0	20.2	0.0	12.3		0.0	0.14	3.28
36318	Dinde, escalope viennoise ou milanaise ou escalope panée	Milanese-style turkey escalope or breaded veal escalope	04	211.0	14.1	13.5	10.9	1.07	1.3	1.03	1.53
36401	Faisan, viande, cru	Pheasant, meat, raw	04	127.0	23.3	0.0	3.78	0.0	0.0	0.094	1.29
36402	Faisan, viande, rôtie/cuite au four	Pheasant, meat, roasted/baked	04	239.0	32.4	0.0	12.1	0.0	0.0	0.11	3.91
36403	Faisan, viande et peau, cru	Pheasant, meat and skin, raw	04	164.0	23.2	0.0	7.95	0.0	0.0	0.09	3.32
36500	Oie, viande crue	Goose, meat, raw	04	155.0	22.6	0.0	7.12		0.0	0.2	2.79
36501	Oie, viande et peau, crue	Goose, meat and skin, raw	04	365.0	15.7	0.0	33.6		0.0	0.18	9.78
36502	Oie, viande, rôtie/cuite au four	Goose, meat, roasted/baked	04	230.0	29.0	0.0	12.7		0.0	0.19	
36503	Oie, viande et peau, rôtie/cuite au four	Goose, meat and skin, roasted/baked	04	298.0	25.2	0.0	21.9	0.0	0.0	0.18	6.87
36600	Pigeon, cru	Pigeon, raw	04	222.0	18.9	0.7	16.0	0.4	0.0	0.17	4.89
36602	Pigeon, viande, rôtie/cuite au four	Pigeon, meat, roasted/baked	04	213.0	23.9	0.0	13.0	0.0	0.0	0.14	3.74
36603	Gibier à plumes, viande, cuit (aliment moyen)	Feathered game, meat, cooked (average)	04	217.0	25.1	0.0	13.0	0.0	0.0	0.73	3.24
36700	Pintade, crue	Guinea fowl, raw	04	143.0	22.8	0.0	5.75	0.0	0.0	0.18	1.55
36702	Pintade, poitrine, crue	Guinea fowl, breast, raw	04	107.0	25.1	0.0	0.7	0.0	0.0	0.13	0.23
36703	Pintade, cuisse, crue	Guinea fowl, leg, raw	04	121.0	21.3	0.0	4.0	0.0	0.0	0.2	1.3
36800	Autruche, viande crue	Ostrich, meat, raw	04	159.0	20.2	0.0	8.7	0.0	0.0	0.18	
36801	Autruche, viande cuite	Ostrich, meat, cooked	04	168.0	26.2	0.0	7.07	0.0	0.0	0.2	
36900	Volaille, cuite (aliment moyen)	Poultry, cooked (average)	04	166.0	27.6	0.28	5.96	0.0022	0.0013	0.24	1.77
37000	Base de pizza à la crème	cream sauce for pizza base	10	261.0	7.7	51.1	2.6	1.8	1.0	1.75	0.8
37001	Pâte à pizza crue	Pizza base, raw	03	240.0	7.05	44.2	3.45	1.4	2.2	1.31	0.25
37002	Base de pizza tomatée	Tomato sauce for pizza base	10	232.0	6.9	44.6	2.7	1.5	1.0	1.75	0.8
38104	Chips de crevette	Prawn crackers	03	508.0	3.1	63.7	26.6	7.1	1.0	1.53	2.4
38105	Chips de maïs ou tortilla chips	Corn chips or tortilla chips	03	495.0	6.56	59.5	24.7	2.62	4.19	1.42	9.98
38106	Biscuit apéritif soufflé, à base de pomme de terre	Puffed salty snacks, made from potato	03	484.0	4.25	60.5	24.1	1.61	3.81	3.14	6.34
38107	Biscuit apéritif, mini bretzel ou sticks	Salty snacks, mini pretzels or sticks	03	379.0	11.2	74.4	3.13	2.02	4.32	3.73	1.4
38108	Biscuit apéritif soufflé, à base de pomme de terre et de soja	Puffed salty snacks, made from potato and soy	03	409.0	17.4	58.3	9.33	7.17	7.67	2.08	0.9
38399	Biscuit apéritif (aliment moyen)	Salty snacks	03	486.0	9.2	60.3	22.3	3.82	3.41	2.43	9.48
38400	Biscuit apéritif soufflé, à base de maïs, sans cacahuète	Puffed salty snacks, made from maize/corn, without peanuts	03	489.0	6.96	62.1	23.0	2.79	3.1	2.48	9.66
38401	Biscuit apéritif, crackers, garni ou fourré, au fromage	Salty snacks, crackers, garnished or filled with cheese	03	537.0	13.8	46.3	32.2	5.38	3.37	1.89	19.9
38402	Biscuit apéritif, crackers, nature	Salty snacks, crackers, plain	03	499.0	10.5	59.0	23.9	5.44	3.14	2.3	12.1
38403	Biscuit apéritif, crackers, nature, allégé en matière grasse	Salty snacks, crackers, reduced fat	03	410.0	6.53	73.1	9.33	3.97	3.67	3.0	4.67
38404	Biscuit apéritif soufflé, à base de maïs, à la cacahuète	Puffed salty snacks, made from maize/corn, with peanuts	03	487.0	13.3	54.8	22.9	3.13	3.99	1.88	5.94
38405	Biscuit apéritif à base de pomme de terre, type tuile salée	Salty snacks, made from potato	03	521.0	4.63	59.1	28.8	2.86	3.31	1.62	9.02
38406	Cacahuètes (arachide) enrobées d'un biscuit, pour apéritif	Coated peanuts	03	518.0	15.8	45.4	29.7	4.51	3.18	2.82	7.8
38407	Biscuit apéritif feuilleté	Salty snacks, puff pastry	03	509.0	12.3	53.7	26.5	1.86	2.69	2.54	17.5
38408	Crêpe dentelle (pour apéritif) au fromage, préemballée	Salted crispy crepe with cheese, prepacked	03	555.0	9.3	48.8	35.6	14.2	1.25	1.73	23.3
38500	Croûton à l'ail aux fines herbes ou aux oignons, préemballé	Crouton with garlic, herbs or onions, prepacked	03	492.0	8.81	58.9	24.1	11.8	2.0	2.44	2.24
39001	Milk-shake, provenant de fast food	Milkshake, from fast foods restaurant	05	126.0	3.38	17.4	4.66	13.6	0.65	0.21	2.53
39200	Crème dessert au chocolat, rayon frais	Custard dessert, chocolate, refrigerated	05	130.0	3.39	19.9	3.93	16.5	0.72	0.15	2.6
39206	Mousse au chocolat (base laitière), rayon frais	Chocolate mousse (milk-based), refrigerated	05	150.0	5.42	21.3	4.4	18.9	1.5	0.16	2.81
39209	Crème caramel, rayon frais	Custard cream with caramel sauce, refrigerated	05	132.0	4.45	20.6	3.6	18.0	0	0.14	1.93
39210	Mousse au chocolat traditionnelle, préemballée	Mousse, chocolate, prepacked	05	303.0	6.52	25.6	18.6	21.5	3.8	0.25	15.4
39211	Crème aux oeufs (petit pot de crème chocolat, vanille, etc.), rayon frais	Custard cream with eggs (a small jar of chocolate or vanilla cream or other flavour), refrigerated	05	176.0	4.32	19.4	8.88	16.4	0.67	0.14	5.23
39212	Riz au lait, rayon frais	Rice pudding, refrigerated	05	126.0	3.34	21.4	3.01	13.0	0.28	0.13	1.97
39213	Crème brûlée, rayon frais	Caramelized custard cream (crème brûlée), refrigerated	05	272.0	4.46	16.6	20.8	15.6	0.61	0.11	12.9
39214	Crème dessert à la vanille, appertisée	Custard dessert, vanilla, canned	05	132.0	3.7	21.1	3.62	16.0	0.5	0.17	1.8
39215	Ile flottante, rayon frais	Floating island (meringue poached in milk and served in a light custard cream), refrigerated	05	129.0	4.98	19.8	3.31	17.9	0.047	0.11	1.52
39216	Clafoutis aux fruits, préemballé	Fruits batter-pudding, prepacked	05	192.0	5.22	27.2	6.51	21.4	1.88	0.18	3.9
39218	Semoule au lait, rayon frais	Semolina pudding, refrigerated	05	121.0	3.46	19.4	3.23	14.0	0.55	0.095	2.28
39220	Liégeois aux fruits, préemballé	Fruit liegeois, prepacked	05	147.0	1.5	16.0	8.1	15.1	1.2	0.043	5.44
39228	Mousse aux fruits, rayon frais	Fruit mousse, refrigerated	05	53.1	6.25	5.51	0.15	4.31	1.2	0.09	0.005
39229	Crème dessert à la vanille, rayon frais	Custard dessert, vanilla, refrigerated	05	105.0	3.06	14.4	3.6	14.2	1.5	0.12	2.48
39230	Crème dessert, rayon frais (aliment moyen)	Custard dessert, refrigerated (average)	05	133.0	3.42	17.9	5.1	15.7	0.85	0.14	3.3
39232	Gâteau de riz, appertisé	Rice pudding, cake, canned	05	115.0	4.29	20.0	1.9	12.0	0.3	0.15	
39234	Gâteau au chocolat, coeur fondant, préemballé (rayon frais)	Chocolate cake w melting centre, prepacked (refrigerated)	05	364.0	6.86	41.9	18.1	30.9	3.24	0.073	12.5
39235	Mousse liégeoise (chocolat, café, caramel ou vanille), rayon frais	Mousse (chocolate, coffee, caramel or vanilla) topped with whipped cream, refrigerated	05	186.0	3.62	20.0	10.1	18.3	0.75	0.14	6.64
39236	Pain perdu	French toast	05	218.0	6.0	29.0	8.45	13.3	1.1	1.22	2.13
39246	Crème dessert au café, rayon frais	Custard dessert, coffee, refrigerated	05	116.0	2.93	17.8	3.69	14.0	0.042	0.16	2.5
39247	Crème dessert au caramel, rayon frais	Custard dessert, caramel, refrigerated	05	117.0	2.92	18.6	3.47	15.9	0.12	0.18	2.22
39248	Mousse au chocolat végétale, préemballée	Mousse, chocolate, plant-based, prepacked	05	262.0	6.69	24.3	14.0	23.1	5.1	0.36	9.04
39400	Lait de poule, sans alcool	Eggnog, without alcohol	05	87.8	4.55	8.05	4.19	8.05	0.0	0.14	2.59
39401	Pêche melba	Peach melba (with vanilla ice cream and raspberry sauce)	08	119.0	2.06	18.8	3.62	18.2	1.54	0.063	1.62
39502	Dessert glacé type mystère ou vacherin	Frozen dessert, ice cream with meringue, vacherin ice cream or mystery ice cream type	08	275.0	3.18	40.5	10.7	33.7	2.18	0.12	6.53
39503	Glace ou crème glacée, bâtonnet, enrobé de chocolat	Ice cream on stick, with chocolate coating	08	328.0	3.42	33.4	19.8	27.9	1.23	0.16	13.3
39505	Crème dessert, appertisée (aliment moyen)	Custard dessert, canned (average)	05	135.0	3.49	21.4	3.52	16.4	1.98	0.14	1.22
39506	Crème dessert au chocolat, appertisée	Custard dessert, chocolate, canned	05	138.0	3.25	21.8	3.42	16.8	3.6	0.1	0.6
39511	Crème dessert, rayon frais ou appertisée (aliment moyen)	Custard dessert, refrigerated or canned (average)	05	133.0	3.42	18.0	5.07	15.7	0.88	0.14	3.25
39512	Dessert glacé, type sundae	Frozen dessert, Sundae ice cream type	08	230.0	2.57	32.6	9.7	24.9	1.0	0.24	6.8
39516	Dessert glacé feuilleté, à partager	Frozen dessert, puff pastry, to share	08	262.0	2.71	26.2	16.1	21.9	0.94	0.18	13.3
39518	Omelette norvégienne	baked Alaska	08	212.0	3.6	34.8	6.5	32.7	0.25	0.15	3.9
39519	Poire belle Hélène	Belle Helene pear dessert (cooked pear topped with hot chocolate sauce on a bed of vanilla ice cream)	08	196.0	2.74	23.5	9.57	21.0	2.76	0.039	5.19
39529	Nougat glacé	Iced nougat	08	263.0	4.93	25.3	15.2	20.5	2.76	0.13	11.0
39530	Citron givré ou Orange givrée (sorbet)	Frosted lemon or orange (sorbet)	08	133.0	0.14	29.1	1.77	24.4	0	0.034	0
39532	Coupe glacée type café ou chocolat liégeois	Goblet of ice cream, coffee or chocolate ice cream topped with whipped cream	08	220.0	3.04	28.6	10.0	25.6	1.82	0.12	7.74
39533	Bûche glacée	Ice cream log	08	226.0	2.47	30.0	10.4	25.6	1.54	0.19	7.1
39534	Coupe glacée parfum pêche Melba ou poire Belle-Hélène	Goblet of ice cream, peach Melba or Belle Helene pear type	08	163.0	0.91	32.2	3.36	31.4	0.35	0.094	1.79
39700	Crème anglaise, préemballée	Light custard cream with vanilla, prepacked	10	105.0	3.44	16.7	2.5	12.9	1.0	0.13	1.55
39710	Crème pâtissière	Pastry cream or custard	05	120.0	3.79	18.0	3.6	15.3	0.0	0.2	1.76
40002	Cervelle, agneau, crue	Brain, lamb, raw	04	122.0	10.4	0.8	8.58		0.0	0.28	2.19
40003	Cervelle, agneau, cuite	Brain, lamb, cooked	04	145.0	12.6	0.8	10.2		0.0	0.34	2.6
40004	Cervelle, porc, braisée	Brain, pork, braised	04	174.0	12.4	0.025	13.8		0.0	0.33	3.14
40005	Cervelle, porc, crue	Brain, pork, raw	04	124.0	10.3	0.0	9.21		0.0	0.3	2.08
40006	Cervelle, veau, crue	Brain, calf, raw	04	117.0	10.3	0.5	8.21		0.0	0.32	1.91
40007	Cervelle, veau, cuite	Brain, calf, cooked	04	133.0	11.5	0.0	9.63		0.0	0.39	2.18
40052	Coeur, boeuf, cru	Heart, beef, raw	04	103.0	18.5	0.7	2.95	0.0	0.0	0.2	0.74
40053	Coeur, boeuf, cuit	Heart, beef, cooked	04	133.0	23.0	0.15	4.5	0.0	0.0	0.15	1.81
40054	Coeur, poulet, cru	Heart, chicken, raw	04	149.0	15.6	0.7	9.32		0.0	0.17	2.66
40055	Coeur, dinde, cru	Heart, turkey, raw	04	135.0	16.7	0.4	7.44	0.0	0.0	0.32	1.92
40056	Coeur, poulet, cuit	Heart, chicken, cooked	04	177.0	26.4	0.1	7.92		0.0	0.12	2.26
40057	Coeur, dinde, cuit	Heart, turkey, cooked	04	167.0	24.9	0.0	7.52	0.0	0.0	0.35	1.9
40058	Coeur, agneau, cru	Heart, lamb, raw	04	119.0	16.5	0.4	5.68	0.4	0.0	0.22	2.25
40059	Coeur, agneau, cuit	Heart, lamb, cooked	04	179.0	25.0	1.93	7.91		0.0	0.16	3.14
40060	Coeur, porc, cru	Heart, pork, raw	04	109.0	17.1	0.4	4.33	0.0	0.0	0.2	1.08
40062	Coeur, veau, cru	Heart, veal, raw	04	106.0	16.1	1.8	3.84		0.0	0.23	1.24
40102	Foie, agneau, cru	Liver, lamb, raw	04	148.0	21.8	2.92	5.45	2.0	0.0	0.14	1.45
40103	Foie, agneau, cuit	Liver, lamb, cooked	04	157.0	23.0	3.16	5.8		0.0	0.23	1.81
40104	Foie, génisse, cru	Liver, young cow, raw	04	138.0	21.0	3.67	4.3	0.0	0.0	0.15	1.26
40105	Foie, génisse, cuit	Liver, young cow, cooked	04	165.0	26.3	2.2	5.71	0.0	0.0	0.19	1.69
40106	Foie, veau, cru	Liver, calf, raw	04	120.0	15.5	5.64	3.4	0.0	0.0	0.16	1.31
40107	Foie, veau, cuit	Liver, calf, cooked	04	121.0	19.0	4.47	3.02	0.0	0.0	0.2	0.98
40108	Foie, volaille, cru	Liver, poultry, raw	04	133.0	21.3	1.13	4.88	0.0	0.0	0.21	1.65
40109	Foie, volaille, cuit	Liver, poultry, cooked	04	164.0	25.8	0.0	6.4		0.0	0.25	2.5
40110	Foie, lapin, cru	Liver, rabbit, raw	04	132.0	19.0	5.0	4.0	3.75	0.0	0.17	0.81
40111	Foie, poulet, cru	Liver, chicken, raw	04	121.0	18.8	1.1	4.62	0.0	0.0	0.17	1.46
40113	Foie, porc, cuit	Liver, pork, cooked	04	159.0	26.0	3.76	4.4		0.0	0.12	1.41
40115	Foie, dinde, cru	Liver, turkey, raw	04	123.0	18.3	0.0	5.5	0.0	0.0	0.33	1.66
40116	Foie, poulet, cuit	Liver, chicken, cooked	04	160.0	24.5	0.8	6.51	0.0	0.0	0.19	2.06
40118	Foie, dinde, cuit	Liver, turkey, cooked	04	182.0	27.0	0.0	8.18	0.0	0.0	0.25	2.3
40119	Foie, porc, cru	Liver, pork, raw	04	127.0	20.6	1.85	4.2	1.1	0.0	0.34	1.66
40120	Foie, oie, cru	Liver, goose, raw	04	129.0	16.3	6.3	4.29		0.0	0.27	1.59
40121	Foie, canard, cru	Liver, duck, raw	04	131.0	18.7	3.5	4.62		0.0	0.27	1.44
40201	Langue, veau, cuite	Tongue, calf, cooked	04	237.0	21.0	0.0	17.0		0.0	0.16	4.83
40202	Langue, boeuf, crue	Tongue, beef, raw	04	193.0	16.8	0.4	13.8	0.2	0.0	0.17	4.69
40203	Langue, boeuf, cuite	Tongue, beef, cooked	04	235.0	23.7	0.0	15.6	0.0	0.0	0.21	6.05
40204	Langue, veau, crue	Tongue, calf, raw	04	151.0	17.0	0.9	8.84		0.0	0.22	3.73
40205	Langue, porc, crue	Tongue, pork, raw	04	191.0	16.6	0.5	13.6	0.0	0.0	0.25	4.97
40207	Langue, agneau, crue	Tongue, lamb, raw	04	167.0	15.4	1.75	10.9	0.25	0.0	0.25	3.52
40302	Ris, agneau, cru	Sweetbread, lamb, raw	04	122.0	14.6	0.0	7.04	0.0	0.0	0.18	3.12
40303	Ris, agneau, cuit	Sweetbread, lamb, cooked	04	227.0	22.8	0.0	15.1		0.0	0.13	6.84
40304	Ris, veau, cru	Sweetbread, calf, raw	04	96.6	17.4	0.0	3.02	0.0	0.0	0.19	1.25
40305	Ris, veau, braisé ou sauté/poêlé	Sweetbread, calf, sautéed/pan-fried	04	136.0	21.0	0.0	5.8	0.0	0.0	0.15	1.65
40401	Rognon, cuit (aliment moyen)	Kidney, all types, cooked	04	161.0	26.1	0.0	6.31	0.0	0.0	0.25	1.61
40402	Rognon, boeuf, cru	Kidney, beef, raw	04	95.9	17.1	0.9	2.65	0.0	0.0	0.42	0.5
40403	Rognon, boeuf, cuit	Kidney, beef, cooked	04	171.0	27.0	0.0	7.0	0.0	0.0	0.24	1.29
40404	Rognon, porc, cru	Kidney, pork, raw	04	97.9	16.4	1.1	3.13		0.0	0.35	1.02
40405	Rognon, porc, cuit	Kidney, pork, cooked	04	144.0	25.4	0.0	4.7		0.0	0.2	1.51
40406	Rognon, agneau, braisé	Kidney, lamb, braised	04	127.0	23.7	0.0	3.62	0.0	0.0	0.38	1.23
40407	Rognon, agneau, cru	Kidney, lamb, raw	04	94.1	14.7	1.13	3.43	0.25	0.0	0.52	0.93
40408	Rognon, veau, braisé ou sauté/poêlé	Kidney, veal, sautéed/pan-fried	04	167.0	26.0	0.0	7.0	0.0	0.0	0.28	2.14
40409	Rognon, veau, cru	Kidney, calf, raw	04	86.1	16.0	0.2	2.36		0.0	0.46	0.82
40502	Tripes, boeuf, crues	Tripe, beef, raw	04	81.5	12.1	0.0	3.69	0.0	0.0	0.24	1.29
40600	Sang, boeuf, cru	Blood, beef, raw	04	82.1	19.5	0.8	0.12	0.8	0.0	0.6	0.04
40601	Abat, cuit (aliment moyen)	Offal, cooked (average)	04	162.0	25.1	1.36	6.24	0.026	0.12	0.6	2.13
40700	Gésier, poulet, cru	Gizzard, chicken, raw	04	105.0	17.3	0.6	3.75	0.0	0.0	0.18	1.12
40701	Gésier, canard, confit, appertisé	Preserved gizzards, duck, canned	04	149.0	32.4	0.0	2.1	0.1	0.5	1.92	0.7
42000	Substitut de repas hypocalorique, crème dessert	Meal replacement low calorie, Custard cream dessert-type	10	96.8	6.43	11.1	2.75	6.57	1.18	0.21	0.98
42003	Substitut de repas hypocalorique, prêt à boire	Meal replacement low calorie, ready-to-drink	10	90.6	6.79	10.4	2.45	7.2	0.25	0.19	0.55
42004	Substitut de repas hypocalorique, poudre reconstituée avec lait écrémé	Meal replacement low calorie, in powder, reconstituted with skimmed milk	10	82.0	6.09	10.1	1.73	9.3	1.18	0.43	0.2
42005	Substitut de repas hypocalorique, poudre reconstituée avec lait écrémé, type milk-shake	Meal replacement low calorie, in powder, reconstituted with skimmed milk, milkshake type	10	87.0	6.19	10.2	2.28	10.0	0.63	0.19	0.28
42200	Lécithine de soja	Soy lecithin	10	779.0	0.0	8.0	83.0	3.3	0	0.038	12.6
42501	Poudre cacaotée pour bébé	Cocoa powder for baby beverage	11	396.0	8.5	85.0	1.9	44.5	2.2	0.044	0.92
42603	Plat légumes, avec féculent et viande/poisson, dès 6-8 mois	Vegetable dish for baby, w meat/fish and starch, from 6-8 months	11	59.0	3.6	5.9	1.6	1.6	3.3	0.2	0.26
42604	Plat légumes, avec féculent et viande/poisson, dès 8-12 mois	Vegetable dish for baby, w meat/fish and starch, from 8-12 months	11	54.9	2.8	6.77	1.31	1.37	2.45	0.24	0.26
42605	Plat légumes, avec féculent et viande/poisson, dès 12 mois	Vegetable dish for baby, w meat/fish and starch, from 12 months	11	75.7	2.5	8.95	2.9	0.9	1.9	0.24	0.53
42606	Plat légumes, avec féculent et viande/poisson, dès 18 mois	Vegetable dish for baby, w meat/fish and starch, from 18 months	11	68.3	2.82	9.02	1.98	1.49	1.57	0.32	0.58
51500	Meloukhia, feuilles de corète séchées, en poudre	Molokhia powder (dried jute leaves)	10	239.0	23.0	12.7	1.8		40.0	0.17	
51510	Frik (blé dur immature concassé), cru	Frik (crushed immature durum wheat), raw	03	323.0	9.62	55.8	2.25		19.3	0.011	
51511	Frik (blé dur immature concassé), cuit, non salé	Frik (crushed immature durum wheat), cooked, unsalted	03	76.0	2.04	14.0	0.48		3.5	0.005	
51550	Khatfa feuille de brick, préemballée	Khatfa (phyllo or filo pastry), prepacked	03	283.0	7.0	59.0	1.5	2.0	2.5	3.25	0.1
53101	Banane plantain, cuite	Plantain banana, cooked	02	125.0	0.79	28.9	0.18	14.0	2.3	0.013	0.069
53200	Taro, tubercule, cru	Taro, tuber, raw	02	107.0	1.5	22.8	0.2	0.4	4.1	0.028	0.041
53201	Taro, tubercule, cuit	Taro, tuber, cooked	02	131.0	0.52	29.5	0.11	0.49	5.1	0.038	0.023
53502	Igname, épluchée, crue	Yam or Indian potato, peeled, raw	02	111.0	1.53	23.8	0.17	0.5	4.1	0.023	0.037
53503	Igname, épluchée, bouillie/cuite à l'eau	Yam or Indian potato, peeled, boiled/cooked in water	02	109.0	1.49	23.6	0.14	0.49	3.9	0.02	0.029
54031	Manioc, racine crue	Cassava or manioc, roots, raw	02	157.0	1.31	36.3	0.29	1.7	1.8	0.035	0.074
54034	Manioc, racine cuite	Cassava or manioc, roots, cooked	02	132.0	0.69	32.0	0.043		0.4		
54500	Fruit à pain, cru	Breadfruit, raw	02	105.0	1.07	22.2	0.23	11.0	4.9	0.005	0.048
76000	Eau minérale Abatilles, embouteillée, non gazeuse, faiblement minéralisée (Arcachon, 33)	Mineral still water (Abatilles), bottled, lightly mineralized	06	0.0	0.0	0.0	0.0	0.0	0.0	0.023	
76001	Eau minérale Aix-les-Bains, embouteillée, non gazeuse, faiblement minéralisée (Aix-les-Bains, 73)	Mineral still water (Aix-les-Bains), bottled, lightly mineralized	06	0.0	0.0	0.0	0.0	0.0	0.0	0.00035	0.0
76002	Eau minérale Aizac, embouteillée, gazeuse, faiblement minéralisée (Aizac, 07)	Mineral sparkling water (Aziac), bottled, lightly mineralized	06	0.0	0.0	0.0	0.0	0.0	0.0	0.00033	0.0
76004	Eau minérale Amanda, embouteillée, non gazeuse, fortement minéralisée (St-Amand, 59)	Mineral still water (Amanda), bottled, strongly mineralized	06	0.0	0.0	0.0	0.0	0.0	0.0	0.01	0.0
76006	Eau minérale Arcens, embouteillée, gazeuse, moyennement minéralisée (Arcens, 07)	Mineral sparkling water (Arcens), bottled, averagely mineralized	06	0.0	0.0	0.0	0.0	0.0	0.0	0.004	0.0
76007	Eau minérale Ardesy, embouteillée, gazeuse, fortement minéralisée (Ardes, 63)	Mineral sparkling water (Ardesy), bottled, strongly mineralized	06	0.0	0.0	0.0	0.0	0.0	0.0	0.064	0.0
76010	Eau minérale Celtic, embouteillée, gazeuse ou non gazeuse, très faiblement minéralisée (Niederbronn, 67)	Mineral still water (Celtic), bottled, very lightly mineralized	06	0.0	0.0	0.0	0.0	0.0	0.0	0.00028	0.0
76011	Eau minérale Chambon, embouteillée, non gazeuse, faiblement minéralisée (Chambon, 45)	Mineral still water (Chambon), bottled, lightly mineralized	06	0.0	0.0	0.0	0.0	0.0	0.0	0.0027	0.0
76012	Eau minérale Chantemerle, embouteillée, non gazeuse, faiblement minéralisée (Le Pestrin, 07)	Mineral still water (Chantemerle), bottled, lightly mineralized	06	0.0	0.0	0.0	0.0	0.0	0.0	0.00028	0.0
76013	Eau minérale Chateauneuf, embouteillée, gazeuse, fortement minéralisée (Chateauneuf, 63)	Mineral sparkling water (Chateauneuf), bottled, strongly mineralized	06	0.0	0.0	0.0	0.0	0.0	0.0	0.038	0.0
76014	Eau minérale Chateldon, embouteillée, gazeuse, fortement minéralisée (Chateldon, 63)	Mineral sparkling water (Chateldon), bottled, strongly mineralized	06	0.0	0.0	0.0	0.0	0.0	0.0	0.0012	0.0
76015	Eau minérale Clos de l'Abbaye, embouteillée, non gazeuse, moyennement minéralisée (St-Amand, 59)	Mineral still water (Clos de l'Abbaye), bottled, averagely mineralized	06	0.0	0.0	0.0	0.0	0.0	0.0	0.006	0.0
76016	Eau minérale Contrex, embouteillée, non gazeuse, fortement minéralisée (Contrexéville, 88)	Mineral still water (Contrex), bottled, strongly mineralized	06	0.0	0.0	0.0	0.0	0.0	0.0	0.0013	0.0
76017	Eau minérale Dax, embouteillée, non gazeuse, moyennement minéralisée (Dax, 40)	Mineral still water (Dax), bottled, averagely mineralized	06	0.0	0.0	0.0	0.0	0.0	0.0	0.031	0.0
76018	Eau minérale Didier, embouteillée, gazeuse, fortement minéralisée (Martinique)	Mineral sparkling water (Didier), bottled, strongly mineralized	06	0.0	0.0	0.0	0.0	0.0	0.0	0.032	0.0
76019	Eau minérale Didier, embouteillée non gazeuse, fortement minéralisée (Martinique)	Mineral still water (Didier), bottled, strongly mineralized	06	0.0	0.0	0.0	0.0	0.0	0.0	0.0041	0.0
76020	Eau minérale Evian, embouteillée, non gazeuse, faiblement minéralisée (Evian, 74)	Mineral still water (Evian), bottled, lightly mineralized	06	0.0	0.0	0.0	0.0	0.0	0.0	0.0011	0.0
76022	Eau minérale Hépar, embouteillée, non gazeuse, fortement minéralisée (Vittel, 88)	Mineral still water (Hépar), bottled, strongly mineralized	06	0.0	0.0	0.0	0.0	0.0	0.0	0.0031	0.0
76023	Eau minérale Hydroxydase, embouteillée, gazeuse, fortement minéralisée (Le Breuil sur Couze, 63)	Mineral sparkling water (Hydroxydase), bottled, strongly mineralized	06	0.0	0.0	0.0	0.0	0.0	0.0	0.058	0.0
76024	Eau minérale Vernière, embouteillée, gazeuse, moyennement minéralisée (Les Aires, 34)	Mineral sparkling water (Vernière), bottled, averagely mineralized	06	0.0	0.0	0.0	0.0	0.0	0.0	0.0023	0.0
76025	Eau minérale Luchon, embouteillée, non gazeuse, faiblement minéralisée (Luchon, 31)	Mineral still water (Luchon), bottled, lightly mineralized	06	0.0	0.0	0.0	0.0	0.0	0.0	0.0002	0.0
76027	Eau minérale Mont-Roucous, embouteillée, très faiblement minéralisée (Lacaune, 81)	Mineral water (Mont-Roucous, bottled, very lightly mineralized	06	0.0	0.0	0.0	0.0	0.0	0.0	0.0005	0.0
76028	Eau de source Ogeu, embouteillée, faiblement minéralisée (Ogeu, 64)	Spring water (Ogeu), bottled, lightly mineralized	06	0.0	0.0	0.0	0.0	0.0	0.0		0.0
76029	Eau minérale Orée du bois, embouteillée, non gazeuse, moyennement minéralisée (St-Amand, 59)	Mineral still water (Orée du bois), bottled, averagely mineralized	06	0.0	0.0	0.0	0.0	0.0	0.0	0.01	0.0
76030	Eau minérale Orezza, embouteillée, gazeuse, moyennement minéralisée (Rapaggio, 20B)	Mineral sparkling water (Orezza), bottled, averagely mineralized	06	0.0	0.0	0.0	0.0	0.0	0.0	0.0017	0.0
76031	Eau minérale Parot, embouteillée, gazeuse, moyennement minéralisée (St-Romain-le-Puy, 42)	Mineral sparkling water (Parot), bottled, averagely mineralized	06	0.0	0.0	0.0	0.0	0.0	0.0	0.016	0.0
76032	Eau minérale Plancoet, embouteillée, gazeuse ou non gazeuse, faiblement minéralisée (Plancoet, 22)	Mineral still water (Plancoet), bottled, lightly mineralized	06	0.0	0.0	0.0	0.0	0.0	0.0	0.0059	0.0
76033	Eau minérale Propiac, embouteillée, non gazeuse, fortement minéralisée (Propiac, 26)	Mineral still water (Propiac), bottled, strongly mineralized	06	0.0	0.0	0.0	0.0	0.0	0.0	0.17	0.0
76034	Eau minérale Puits St-Georges, embouteillée, gazeuse, moyennement minéralisée (St-Romain-le-Puy, 42)	Mineral sparkling water (Puits St Georges), bottled, averagely mineralized	06	0.0	0.0	0.0	0.0	0.0	0.0	0.0063	0.0
76035	Eau minérale Quézac, embouteillée, gazeuse, moyennement minéralisée (Quézac, 48)	Mineral sparkling water (Quézac), bottled, averagely mineralized	06	0.0	0.0	0.0	0.0	0.0	0.0	0.003	0.0
76036	Eau minérale Reine des basaltes, embouteillée, gazeuse, moyennement minéralisée (Asperjoc, 07)	Mineral sparkling water (Reine des basaltes), bottled, averagely mineralized	06	0.0	0.0	0.0	0.0	0.0	0.0	0.0019	0.0
76037	Eau minérale Rozana, embouteillée, gazeuse, fortement minéralisée (Beauregard, 63)	Mineral sparkling water (Rozana), bottled, strongly mineralized	06	0.0	0.0	0.0	0.0	0.0	0.0	0.11	0.0
76038	Eau minérale Sail-les-Bains, embouteillée, non gazeuse, faiblement minéralisée (Sail-les-Bains, 42)	Mineral still water (Sail-les-Bains), bottled, lightly mineralized	06	0.0	0.0	0.0	0.0	0.0	0.0	0.0057	0.0
76039	Eau minérale Salvetat, embouteillée, gazeuse, moyennement minéralisée (La Salvetat, 34)	Mineral sparkling water (Salvetat), bottled, averagely mineralized	06	0.0	0.0	0.0	0.0	0.0	0.0	0.00086	0.0
76043	Eau minérale St-Amand, embouteillée, gazeuse ou non gazeuse, moyennement minéralisée (St-Amand, 59)	Mineral still water (St-Amand), bottled, averagely mineralized	06	0.0	0.0	0.0	0.0	0.0	0.0	0.0061	0.0
76044	Eau minérale St-Antonin, embouteillée, non gazeuse, fortement minéralisée (St-Antonin-Noble-Val, 82)	Mineral still water (St-Antonin), bottled, strongly mineralized	06	0.0	0.0	0.0	0.0	0.0	0.0	0.0015	0.0
76046	Eau minérale St-Diéry, embouteillée, gazeuse, fortement minéralisée (St-Diéry, 63)	Mineral sparkling water (St-Diéry), bottled, strongly mineralized	06	0.0	0.0	0.0	0.0	0.0	0.0	0.019	0.0
76047	Eau minérale Ste-Marguerite, embouteillée, gazeuse, moyennement minéralisée (St-Maurice, 63)	Mineral sparkling water (Ste-Marguerite), bottled, averagely mineralized	06	0.0	0.0	0.0	0.0	0.0	0.0	0.038	0.0
76049	Eau minérale St-Yorre, embouteillée, gazeuse, fortement minéralisée (Saint-Yorre, 03)	Mineral sparkling water (St-Yorre), bottled, strongly mineralized	06	0.0	0.0	0.0	0.0	0.0	0.0	0.053	0.0
76050	Eau minérale Thonon, embouteillée, non gazeuse, faiblement minéralisée (Thonon, 74)	Mineral still water (Thonon), bottled, lightly mineralized	06	0.0	0.0	0.0	0.0	0.0	0.0	0.0014	0.0
76053	Eau minérale Ventadour, embouteillée, gazeuse, faiblement minéralisée (Le Pestrin, 07)	Mineral sparkling water (Ventadour), bottled, lightly mineralized	06	0.0	0.0	0.0	0.0	0.0	0.0	0.00033	0.0
76054	Eau minérale Vernet, embouteillée, gazeuse, faiblement minéralisée (Prades, 07)	Mineral sparkling water (Vernet), bottled, lightly mineralized	06	0.0	0.0	0.0	0.0	0.0	0.0	0.00086	0.0
76055	Eau minérale Vichy Célestins, embouteillée, gazeuse, fortement minéralisée (Saint-Yorre, 03)	Mineral sparkling water (Vichy Célestins), bottled, strongly mineralized	06	0.0	0.0	0.0	0.0	0.0	0.0	0.039	0.0
76056	Eau minérale Vittel, embouteillée, non gazeuse, moyennement minéralisée (Vittel, 88)	Mineral still water (Vittel), bottled, averagely mineralized	06	0.0	0.0	0.0	0.0	0.0	0.0	0.0013	0.0
76057	Eau minérale Volvic, embouteillée, non gazeuse, faiblement minéralisée (Volvic, 63)	Mineral still water (Volvic), bottled, lightly mineralized	06	0.0	0.0	0.0	0.0	0.0	0.0	0.0025	0.0
76058	Eau minérale Volvic active, embouteillée, gazeuse, faiblement minéralisée (Volvic, 63)	Mineral sparkling water (Volvic active), bottled, lightly mineralized	06	0.0	0.0	0.0	0.0	0.0	0.0	0.0019	0.0
76059	Eau minérale Wattwiller, embouteillée, gazeuse ou non gazeuse, faiblement minéraliséee (Wattwiller, 68)	Mineral still water (Wattwiller), bottled, lightly mineralized	06	0.0	0.0	0.0	0.0	0.0	0.0	0.00075	0.0
76060	Eau minérale Perrier, embouteillée, gazeuse, faiblement minéralisée (Vergèse, 30)	Mineral sparkling water (Perrier), bottled, lightly mineralized	06	0.0	0.0	0.0	0.0	0.0	0.0	0.0024	0.0
76061	Eau minérale Badoit, embouteillée, gazeuse, moyennement minéralisée (St-Galmier, 42)	Mineral sparkling water (Badoit), bottled, averagely mineralized	06	0.0	0.0	0.0	0.0	0.0	0.0	0.0089	0.0
76062	Eau minérale Avra, embouteillée, non gazeuse, faiblement minéralisée (Grèce)	Mineral still water (Avra), bottled, lightly mineralized	06	0.0	0.0	0.0	0.0	0.0	0.0	0.0013	0.0
76063	Eau minérale Beckerich, embouteillée, non gazeuse, faiblement minéralisée (Luxembourg)	Mineral still water (Beckerich), bottled, lightly mineralized	06	0.0	0.0	0.0	0.0	0.0	0.0	0.00075	0.0
76065	Eau minérale Chaudfontaine, embouteillée, non gazeuse, faiblement minéralisée (Belgique)	Mineral still water (Chaudfontaine), bottled, lightly mineralized	06	0.0	0.0	0.0	0.0	0.0	0.0	0.0058	0.0
76066	Eau minérale Christinen Brunnen, embouteillée, non gazeuse, moyennement minéralisée (Allemagne)	Mineral still water (Christinen Brunnen), bottled, averagely mineralized	06	0.0	0.0	0.0	0.0	0.0	0.0	0.047	0.0
76067	Eau minérale Courmayeur, embouteillée, non gazeuse, fortement minéralisée (Italie)	Mineral still water (Courmayer), bottled, strongly mineralized	06	0.0	0.0	0.0	0.0	0.0	0.0	0.00025	0.0
76069	Eau minérale Levissima, embouteillée, non gazeuse, faiblement minéralisée (Italie)	Mineral still water (Levissima), bottled, lightly mineralized	06	0.0	0.0	0.0	0.0	0.0	0.0	5e-05	0.0
76070	Eau minérale Luso, embouteillée, non gazeuse, très faiblement minéralisée (Portugal)	Mineral still water (Luso), bottled, very lightly mineralized	06	0.0	0.0	0.0	0.0	0.0	0.0	0.0015	0.0
76071	Eau minérale Néro, embouteillée, non gazeuse, faiblement minéralisée (Grèce)	Mineral still water (Néro), bottled, lightly mineralized	06	0.0	0.0	0.0	0.0	0.0	0.0	0.01	0.0
76072	Eau minérale Penacova, embouteillée, non gazeuse, très faiblement minéralisée (Portugal)	Mineral still water (Penacova), bottled, very lightly mineralized	06	0.0	0.0	0.0	0.0	0.0	0.0	0.0015	0.0
76074	Eau minérale San Bernardo, embouteillée, très faiblement minéralisée (Italie)	Mineral water (San Bernardo), bottled, very lightly mineralized	06	0.0	0.0	0.0	0.0	0.0	0.0	8.3e-05	0.0
76075	Eau minérale San Pellegrino, embouteillée, gazeuse, moyennement minéralisée (Italie)	Mineral sparkling water (San Pellegrino), bottled, averagely mineralized	06	0.0	0.0	0.0	0.0	0.0	0.0	0.011	0.0
76076	Eau minérale Spa-Reine, embouteillée, gazeuse ou non non gazeuse, moyennement minéralisée (Belgique)	Mineral still water (Spa-Reine), bottled, averagely mineralized	06	0.0	0.0	0.0	0.0	0.0	0.0	0.00075	0.0
76078	Eau minérale Valvert, embouteillée, non gazeuse, faiblement minéralisée (Belgique)	Mineral still water (Valvert), bottled, lightly mineralized	06	0.0	0.0	0.0	0.0	0.0	0.0	0.00049	0.0
76079	Eau minérale Appollinaris, embouteillée, non gazeuse, fortement minéralisée (Allemagne)	Mineral still water (Appollinaris), bottled, strongly mineralized	06	0.0	0.0	0.0	0.0	0.0	0.0	0.017	0.0
76080	Eau de source Cristaline, embouteillée, non gazeuse	Spring still water (Cristaline), bottled	06	0.0	0.0	0.0	0.0	0.0	0.0	0.0026	
76081	Eau minérale Biovive, embouteillée, non gazeuse, faiblement minéralisée (Dax, 40)	Mineral still water (Biovive), bottled, lightly mineralized	06	0.0	0.0	0.0	0.0	0.0	0.0	0.0028	
76082	Eau minérale La Cairolle, embouteillée, non gazeuse, fortement minéralisée (Les Aires, 34)	Mineral still water (La Cairolle), bottled, strongly mineralized	06	0.0	0.0	0.0	0.0	0.0	0.0	0.0021	
76083	Eau minérale Cilaos, embouteillée, gazeuse, fortement minéralisée (Cilaos, 974)	Mineral sparkling water (Cilaos), bottled, strongly mineralized	06	0.0	0.0	0.0	0.0	0.0	0.0	0.0005	
76085	Eau minérale La Française, embouteillée, non gazeuse, fortement minéralisée (Propiac, 26)	Mineral still water (La Française), bottled, strongly mineralized	06	0.0	0.0	0.0	0.0	0.0	0.0	0.16	
76086	Eau minérale Montcalm, embouteillée, non gazeuse, très faiblement minéralisée (Auzat, 09)	Mineral still water (Montcalm), bottled, very lightly mineralized	06	0.0	0.0	0.0	0.0	0.0	0.0	9.9e-05	
76087	Eau minérale Montclar, embouteillée, non gazeuse, faiblement minéralisée (Montclar, 04)	Mineral still water (Montclar), bottled, lightly mineralized	06	0.0	0.0	0.0	0.0	0.0	0.0	0.0005	
76088	Eau minérale Nessel, embouteillée, gazeuse, moyennement minéralisée (Soultzmatt, 68)	Mineral sparkling water (Nessel), bottled, averagely mineralized	06	0.0	0.0	0.0	0.0	0.0	0.0	0.0068	
76089	Eau minérale Ogeu, embouteillée, gazeuse, faiblement minéralisée (Ogeu-les-Bains, 64)	Mineral sparkling water (Ogeu), bottled, lightly mineralized	06	0.0	0.0	0.0	0.0	0.0	0.0	0.0078	
76090	Eau minérale Ogeu, embouteillée, non gazeuse, faiblement minéralisée (Ogeu-les-Bains, 64)	Mineral still water (Ogeu), bottled, lightly mineralized	06	0.0	0.0	0.0	0.0	0.0	0.0	0.0038	
76091	Eau minérale Prince Noir, embouteillée, non gazeuse, fortement minéralisée (St-Antonin-Noble-Val, 82)	Mineral still water (Prince Noir), bottled, strongly mineralized	06	0.0	0.0	0.0	0.0	0.0	0.0	0.0015	
76092	Eau minérale St-Alban, embouteillée, gazeuse, moyennement minéralisée (St-Alban, 42)	Mineral sparkling water (St-Alban), bottled, averagely mineralized	06	0.0	0.0	0.0	0.0	0.0	0.0	0.0033	0.0
76093	Eau minérale St-Géron, embouteillée, gazeuse, moyennement minéralisée (St-Géron, 43)	Mineral sparkling water (St-Géron), bottled, averagely mineralized	06	0.0	0.0	0.0	0.0	0.0	0.0	0.0073	
76094	Eau minérale St-Michel-de-Mourcairol, embouteillée, gazeuse, moyennement minéralisée (Les Aires, 34)	Mineral sparkling water (St-Michel-de-Mourcairol), bottled, averagely mineralized	06	0.0	0.0	0.0	0.0	0.0	0.0	0.0036	
76095	Eau minérale Treignac, embouteillée, non gazeuse, très faiblement minéralisée (Treignac, 19)	Mineral still water (Treignac), bottled, very lightly mineralized	06	0.0	0.0	0.0	0.0	0.0	0.0	0.00053	
76096	Eau minérale Vals, embouteillée, gazeuse, moyennement minéralisée (Vals-les-Bains, 07)	Mineral sparkling water (Vals), bottled, averagely mineralized	06	0.0	0.0	0.0	0.0	0.0	0.0	0.0041	0.0
76097	Eau minérale Vauban, embouteillée, non gazeuse, moyennement minéralisée (St-Amand-les-Eaux, 59)	Mineral still water (Vauban), bottled, averagely mineralized	06	0.0	0.0	0.0	0.0	0.0	0.0	0.0096	
76100	Eau minérale Carola, embouteillée, gazeuse ou non gazeuse, moyennement minéralisée (Ribeauville, 68)	Water, mineral, carbonated ou non-carbonated, CAROLA	06	0.0	0.0	0.0	0.0	0.0	0.0		
76101	Eau minérale Mont-Blanc, embouteillée, non gazeuse, faiblement minéralisée (Italie)	Water, mineral, non-carbonated, MONT-BLANC	06	0.0	0.0	0.0	0.0	0.0	0.0		
76102	Eau minérale Eden (La Goa), embouteillée, non gazeuse, faiblement minéralisée (Suisse)	Water, mineral, non-carbonated, EDEN	06	0.0	0.0	0.0	0.0	0.0	0.0		
96778	Pâte à pizza cuite	Pizza base, cooked	03	324.0	7.75	55.3	7.1	3.3	2.5	1.7	1.74
96781	Amidon de riz	Rice starch	03	343.0	0.6	85.0	0.0		0		
